organisation,records_lost,year,date,story,sector,data_sensitivity,source_name,1st_source_link,2nd_source_link,id
Plex,15000000 ,2022,8/22,入侵者访问其3000万用户中至少一半的密码数据、用户名和电子邮件。,web,1,Ars technica,https://arstechnica.com/information-technology/2022/08/plex-imposes-password-reset-after-hackers-steal-data-for-15-million-users/,,1
Twitter,5400000 ,2021,12/21,零日漏洞允许威胁行为人创建540万推特用户的个人资料（股份有限公司）。一个经过验证的电话号码或电子邮件地址，并获取公众信息，如关注人数、屏幕名称、登录名等,web,2,Bleeping Computer,https://www.bleepingcomputer.com/news/security/twitter-confirms-zero-day-used-to-expose-data-of-54-million-accounts/,,2
Shanghai Police,500000000 ,2022,7/22,一个数据库包含十多亿中国平民的记录，据称是从上海警方那里被盗的。 地址、警方记录和身份证号码。 可能是历史上最大的数据泄露之一。 中国媒体压制和审查的细节。,financial,5,The Register,https://www.theregister.com/2022/07/05/shanghai_police_database_for_sell/,,3
"City of Amagasaki, Japan",500000 ,2022,6/22,一位不愿透露姓名的政府官员在一晚的饮酒后丢失了书包。 里面有一个U盘，上面有全市居民的敏感数据。 USB记忆棒经过加密和密码。,government,3,BBC,https://www.bbc.co.uk/news/world-asia-61921222,,4
Dubai Real Estate Leak,800000 ,2022,5/22,数据泄露揭露了罪犯、官员和受制裁的政客如何向迪拜房地产投资，其中包括100多名俄罗斯政治精英、公职人员或克里姆林宫附近的商人，以及数十名涉嫌洗钱和腐败的欧洲人,financial,1,E24,https://e24.no/internasjonal-oekonomi/i/Bj97B0/dubai-uncovered-data-leak-exposes-how-criminals-officials-and-sanctioned-politicians-poured-money-into-dubai-real-estate,,5
Heroku,50000 ,2022,4/22,攻击者使用受损令牌从Salesforce拥有的云平台上的“数据库”中过滤客户的哈希和盐渍密码。,tech,2,Bleeping Computer,https://www.bleepingcomputer.com/news/security/heroku-admits-that-customer-credentials-were-stolen-in-cyberattack/,,6
Mailchimp,106586 ,2022,4/22,黑客获得了该电子邮件营销公司的内部客户支持和帐户管理工具，以窃取受众数据并进行网络钓鱼攻击。,tech,1,Bleeping Computer,https://www.bleepingcomputer.com/news/security/hackers-breach-mailchimps-internal-tools-to-target-crypto-customers/,,7
PayHere,1580249 ,2022,3/22,斯里兰卡支付网关PayHere遭受数据泄露，泄露了超过65GB的支付记录，包括超过150万个独特的电子邮件地址。 （IP和物理地址、姓名、电话号码、购买历史记录和部分模糊的信用卡数据（卡类型、前6位和后4位以及到期日期）。,financial,3,Pay Here,https://blog.payhere.lk/ensuring-integrity-on-payhere-cybersecurity-incident/,,8
CDEK,18218203 ,2022,3/22,未经验证。 俄罗斯信使服务CDEK遭到乌克兰黑客组织“IT军”的黑客攻击，包括1900万个独特的电子邮件地址以及姓名和电话号码。,retail,3,Have I Been Pwned,https://twitter.com/haveibeenpwned/status/1504343470072549377?lang=en,,9
Washington State Dpt of Licensing,257000 ,2022,2/22,华盛顿州许可证部门表示，在其在线许可证系统中发现可疑活动后，可能有数百万持照专业人员的个人信息被泄露。,government,3,Seattle Times,https://www.seattletimes.com/business/breach-at-state-licensing-agency-may-have-exposed-data-from-1000s-of-professionals/,,10
Red Cross,500000 ,2022,1/22,1月份，红十字国际委员会（红十字委员会）的网络入侵导致50多万接受该组织援助的人的个人信息被盗。 KrebsOnSecurity获悉，一名网络犯罪行为人提供出售被盗的红十字委员会数据所使用的电子邮件地址也被用于注册多个域名，FBI称这些域名与源自伊朗的大规模媒体影响行动有关。,NGO,4,Arsetechnia,https://arstechnica.com/information-technology/2022/01/red-cross-hack-compromises-the-personal-data-of-515k-highly-vulnerable-people/,,11
Open Subtitles,100000 ,2022,1/22,,web,1,Open Subtitles,https://forum.opensubtitles.org/viewtopic.php?t=17685,,12
FlexBooker,3700000 ,2022,1/22,预约安排服务,web,3,Bleeping Computer,https://www.bleepingcomputer.com/news/security/flexbooker-discloses-data-breach-over-37-million-accounts-impacted/,,13
LINE Pay,133000 ,2021,12/21,,financial,2,The Register,https://www.theregister.com/2021/12/07/line_pay_leaks_around_133000/,,14
Robinhood,5000937 ,2021,11/21,11月3日，一名恶意黑客通过电话对一名客户服务代表进行社交策划，以获取客户支持系统的访问权限。 这使得黑客可以获得客户姓名和电子邮件地址，还可以获得310名客户的其他全名、出生日期和邮政编码。,financial,2,Tech Crunch,https://techcrunch.com/2021/11/09/robinhood-data-breach/?guccounter=1,,15
GoDaddy,1200000 ,2021,11/21,影响托管WordPress服务的安全事件,web,1,SEC,https://techcrunch.com/2021/11/09/robinhood-data-breach/?guccounter=1,,16
Travelio,471376 ,2021,11/21,印尼房地产网站Travelio遭受了超过470000个客户账户的数据泄露。 这些数据包括电子邮件地址、姓名、密码哈希、电话号码以及一些帐户、出生日期、实际地址和Facebook身份验证令牌。,misc,2,HaveIBeenPwned,https://www.riskbasedsecurity.com/2021/12/14/dark-web-roundup-november-2021/,,17
Acer,3000000 ,2021,10/21,,tech,1,Hot Hardware,https://hothardware.com/news/acer-confirms-hacked-again-60gb-stolen-customer-data,,18
Brewdog,200000 ,2021,10/21,BrewDog是世界上最大的手工啤酒酿造商之一，它披露了属于其20多万股东和客户的个人识别信息（PII），,retail,1,Tech Radar,https://www.techradar.com/news/brewdog-exposes-data-of-200000-customers-and-shareholders,,19
Nvidia,100000 ,2021,3/21,,tech,2,CNN Business,https://edition.cnn.com/2022/03/01/tech/nvidia-information-leak/,https://it.slashdot.org/story/22/03/01/1523248/nvidia-says-employee-company-information-leaked-online-after-cyber-attack?utm_source=feedly1.0mainlinkanon&utm_medium=feed,20
Okta,100000 ,2021,1/21,身份和访问管理提供商Okta,tech,1,The Verge,https://www.theverge.com/2022/4/20/23034360/okta-lapsus-hack-investigation-breach-25-minutes,https://twitter.com/BillDemirkapi/status/1508527487655067660/,21
Experian SA,24000000 ,2020,7/20,将南非客户的个人信息移交给一位欺诈客户。,web,3,Uni of Hawaii,"https://westoahu.hawaii.edu/cyber/global-weekly-exec-summary/experian-security-breach-in-south-africa/#:~:text=Experian%20disclosed%20the%20data%20breach,local%20businesses%20(Cimpanu%202020).",,22
Royal Enfield,420873 ,2020,1/20,摩托车制造商罗亚尔・恩菲尔德（Royal Enfield）公开披露了一个数据库，导致无意中公布了超过40万名客户。 （电子邮件和物理地址、姓名、摩托车信息、社交媒体档案、密码和其他个人信息）,transport,3,The Quint,https://www.thequint.com/news/india/royal-enfield-exposed-database-containing-450000-customer-data-cyber-security-expert,,23
Avvo,4101101 ,2019,12/19,律师目录服务的数据泄露发布了410万个唯一的电子邮件地址以及SHA-1哈希，很可能代表用户密码。,legal,1,HaveIBeenPwned,https://www.troyhunt.com/breach-disclosure-blow-by-blow-heres-why-its-so-hard/,,24
Aimware,305470 ,2019,5/19,电子游戏作弊网站“Aimware”的用户个人信息（电子邮件和IP地址、用户名、论坛帖子、私人消息、网站活动和存储为盐渍MD5哈希的密码）遭到数据泄露,gaming,3,HaveIBeenPwned,,,25
Twitch,10000000 ,2021,10/21,流媒体游戏网站的全部源代码泄露泄露了大量内部数据和文档，包括核心配置包、devtool和支付给顶级流媒体的款项。,gaming,4,BBC,https://www.bbc.co.uk/news/technology-58817658,,26
Syniverse,500000000 ,2021,9/21,“一家公司是AT&T、T-Mobile、Verizon以及沃达丰和中国移动等全球其他公司使用的全球电信基础设施的重要组成部分，该公司悄悄透露，黑客多年来一直在其系统内，影响到其200多个客户，并可能影响到全球数百万手机用户。”,telecoms,4,Vice,https://www.vice.com/en/article/z3xpm8/company-that-routes-billions-of-text-messages-quietly-says-it-was-hacked,,27
Pandora Papers,11900000 ,2021,10/21,数以百万计的文件揭示了100多名亿万富翁、30位世界领导人和300名政府官员的海外交易和资产,government,4,Guardian,https://www.theguardian.com/news/2021/oct/03/pandora-papers-biggest-ever-leak-of-offshore-data-exposes-financial-secrets-of-rich-and-powerful,,28
Neiman Marcus,4600000 ,2021,9/21,发生在2020年5月的某个时候，“未经授权的一方”从一些Neiman Marcus客户的在线账户中获取了他们的个人信息。,retail,3,Ars Technica,https://arstechnica.com/information-technology/2021/10/neiman-marcus-data-breach-impacts-4-6-million-customers/,,29
Epik,15000000 ,2021,9/21,一家隐藏在线身份的互联网服务公司，深受极右翼人士欢迎,retail,5,Ars Technica,https://arstechnica.com/information-technology/2021/09/epik-data-breach-impacts-15-million-users-including-non-customers/,,30
Thailand visitors,100000000 ,2021,9/21,在过去十年中，任何到泰国旅游的外国人“可能已经暴露了他们的信息”,government,2,South China Morning Post,https://www.scmp.com/news/asia/southeast-asia/article/3149475/details-some-100-million-visitors-thailand-exposed-online,,31
T-Mobile,76000000 ,2021,8/21,披露了向公司申请信贷的4000多万当前、以前或未来客户的姓名、出生日期、社会保险号和驾照/身份证信息。 T-mobile支付了5亿美元的和解。,telecoms,3,Krebson Security,https://krebsonsecurity.com/2021/08/t-mobile-breach-exposed-ssn-dob-of-40m-people/,,32
Contact tracing data,38000000 ,2021,8/21,1000个网络应用程序错误地暴露了开放互联网上3800万条记录，包括来自多个新冠肺炎联系人追踪平台、疫苗接种注册、求职门户和员工数据库的数据。,telecoms,3,Wired,https://www.wired.com/story/microsoft-power-apps-data-exposed/,,33
Estonian gov,280000 ,2021,7/21,上周五，国家信息系统遭到攻击，一名黑客获得了超过28万张个人身份照片。,government,4,News ERR,https://news.err.ee/1608291072/hacker-downloads-close-to-300-000-personal-id-photos,,34
Guntrader,111000 ,2021,7/21,犯罪分子侵入了一个用于买卖枪支的Gumtree风格网站，盗取了一个包含姓名、手机号码、电子邮件地址、用户地理位置数据的111000个条目数据库，其中包括英国各地枪支商店使用的bcrypt散列密码。,retail,2,The Register,https://www.theregister.com/2021/07/23/guntrader_hacked_111k_users_sql_database/,,35
Linkedin,700000000 ,2021,7/21,黑客似乎滥用了官方的LinkedIn API来获取数据，这与4月份发生的一次类似漏洞中使用的方法相同。 用户详细信息，但没有密码。,web,1,9 to 5 mac,https://9to5mac.com/2021/06/29/linkedin-breach/,,36
VW,3300000 ,2021,6/21,电话号码、电子邮件地址和一些敏感的信用数据。 几乎所有受影响的客户都是德国汽车制造商豪华品牌之一奥迪的现有或潜在客户,transport,2,Reuters,https://www.reuters.com/business/autos-transportation/vw-says-data-breach-vendor-impacted-33-million-people-north-america-2021-06-11/,,37
MacDonalds,10000000 ,2021,6/21,未知详细信息,retail,2,Wall St Journal,https://www.wsj.com/articles/mcdonalds-hit-by-data-breach-in-south-korea-taiwan-11623412800,,38
Air India,4500000 ,2021,5/21,乘客姓名、出生日期、联系信息、护照信息、机票信息、常旅客数据和信用卡信息。,transport,2,Indian Express,https://indianexpress.com/article/explained/air-india-sita-data-breach-explained-7325501/,,39
Omiai dating app,1710000 ,2021,5/21,提供给公司的身份证明地址和出生日期，包括护照、驾驶执照和健康保险卡。,app,2,Japan Times,https://www.japantimes.co.jp/news/2021/05/22/business/tech/omiai-dating-app-hack-japan/,,40
Amazon Reviews,13124962 ,2021,5/21,数据库揭露了影响亚马逊的有组织虚假评论诈骗。 该服务器包含亚马逊供应商与愿意提供虚假评论以换取免费产品的客户之间的直接信息宝库,web,2,Safety Detectives,https://www.safetydetectives.com/blog/amazon-reviews-leak-report/,,41
Peloton,3000000 ,2021,5/21,,tech,2,Ars Technica,https://arstechnica.com/gadgets/2021/05/peloton-takes-3-months-to-fix-flaw-that-exposed-users-private-information/#p3,,42
Digital Ocean,10000000 ,2021,4/21,,tech,,Tech Crunch,https://techcrunch.com/2021/04/28/digitalocean-customer-billing-data-breach/,,43
Park Mobile,21000000 ,2021,4/21,客户电子邮件地址、出生日期、电话号码、车牌号码、散列密码和邮寄地址。,transport,2,Krebson Security,https://krebsonsecurity.com/2021/04/parkmobile-breach-exposes-license-plate-data-mobile-numbers-of-21m-users/,,44
Ubiquiti,16000000 ,2021,2/21,泄露了未知数量的用户数据,tech,2,ZDNet,https://www.zdnet.com/article/ubiquiti-tells-customers-to-change-passwords-after-security-breach/,,45
Meet Mindful,2240000 ,2021,2/21,约会网站用户数据包括真实姓名、电话号码、Facebook帐号、纬度和经度。 谢天谢地，私人消息没有泄露。,tech,4,ZDnet,https://www.zdnet.com/article/hacker-leaks-data-of-2-28-million-dating-site-users/,,46
Experian Brazil,220000000 ,2021,2/21,细节模糊,finance,2,ZDNet,https://www.zdnet.com/article/experian-challenged-over-massive-data-leak-in-brazil/,,47
Gab,4000000 ,2021,3/21,来自极右翼社交媒体网站的超过70GB数据遭到黑客攻击。 来自所有用户的所有帖子、消息和密码都被破解。,tech,3,Wired,https://www.wired.com/story/gab-hack-data-breach-ddosecrets/,,48
Star Alliance,16000000 ,2021,3/21,包括新加坡航空公司、汉莎航空公司和联合航空公司在内的星空联盟周四表示，它是导致乘客数据泄露的网络攻击的受害者。 汉莎航空、国泰航空和新西兰航空也受到影响。 违规数据仅限于“姓名、级别状态和会员编号”,transport,1,The Guardian,https://www.theguardian.com/world/2021/mar/05/airline-data-hack-hundreds-of-thousands-of-star-alliance-passengers-details-stolen,,49
Facebook,533000000 ,2021,3/21,来自106个国家5.33亿用户的电话号码、全名、地点、电子邮件地址和个人信息。 由于“2019年修补”漏洞而报废。,tech,1,Business Insider,https://www.businessinsider.com/stolen-data-of-533-million-facebook-users-leaked-online-2021-4?r=US&IR=T,,50
Ledger,270000 ,2020,12/20,一名威胁演员在黑客论坛上免费泄露了Ledger加密货币钱包用户的被盗电子邮件和邮寄地址。,finance,2,Bleeping Computer,https://www.bleepingcomputer.com/news/security/physical-addresses-of-270k-ledger-owners-leaked-on-hacker-forum/,,51
T-mobile,200000 ,2020,12/20,此漏洞中暴露的信息包括电话号码、通话记录和帐户上的线路数。,telecoms,1,Bleeping Computer,https://www.bleepingcomputer.com/news/security/t-mobile-data-breach-exposed-phone-numbers-call-records/,,52
The Hospital Group,1000000 ,2020,12/20,黑客危害了这家整形手术公司，并威胁要发布超过900G字节的私人手术照片。,health,4,BBC,https://www.bbc.co.uk/news/technology-55439190,,53
SolarWinds,50000000 ,2020,12/20,疑似俄罗斯黑客破坏了五角大楼、情报机构、核实验室和许多财富500强公司使用的网络监控软件。 受污染的软件更新充当了特洛伊木马。 可能会影响数量不详的公司和个人。,app,3,New York Times,https://www.nytimes.com/2020/12/14/us/politics/russia-hack-nsa-homeland-security-pentagon.html,,54
Ho Mobile,2500000 ,2020,12/20,Vodaphone旗下的意大利移动运营商正在采取罕见的措施，为所有受影响的客户更换SIM卡。 数据窃取了全名、电话号码、社保号码、电子邮件地址、出生日期和地点、国籍和家庭地址。,telecoms,2,ZD Net,https://www.zdnet.com/article/italian-mobile-operator-offers-to-replace-sim-cards-after-massive-data-breach/,,55
Spotify,500000 ,2020,12/20,未披露的用户数量的电子邮件地址和密码在线开放。 Spotify表示，该漏洞早在4月9日就存在，但直到11月12日才被发现。,app,1,Tech Crunch,https://techcrunch.com/2020/12/10/spotify-resets-user-passwords-after-a-bug-exposed-private-account-information/?guccounter=1&guce_referrer=aHR0cHM6Ly9pdC5zbGFzaGRvdC5vcmcv&guce_referrer_sig=AQAAAMGNMpm00iWQgE4Zhw1q6_5FoeBsJUbWyKEniavHxaZR-X1oBrnXuFtvr9B4IYBK1C6x9AfEqEZwzfJaZhhINvaBZltXd-DF036LVwwnAhWAMQpD98Lahw3sni-Z2bS6qEIjPgodPdZHV3DRJWLrNt0bOoohuh_DWM8-IngVnCl6,,56
Drizly,2400000 ,2020,9/20,酒精递送服务黑客利用电子邮件地址、DOB、散列密码和一些家庭地址泄露。,app,2,Tech Crunch,https://techcrunch.com/2020/07/28/drizly-data-breach/,,57
GEDmatch,1400000 ,2020,9/20,该基因网站多达140万用户的DNA数据可能被黑客入侵。,"misc, health",5,New York Times,https://www.nytimes.com/2020/08/01/technology/gedmatch-breach-privacy.html?referringSource=articleShare,,58
Call of Duty / Activision,500000 ,2020,9/20,流行视频游戏用户的登录数据可能已经泄露。 Activision驳斥了这一说法。,gaming,1,Forbes,https://www.forbes.com/sites/daveywinder/2020/09/21/activision-accounts-hacked-500000-call-of-duty-players-could-be-affected-report/?sh=7ca04e0f7bbe,,59
Zhenhua,2400000 ,2020,9/20,在一家中国科技公司汇编的泄露数据库中发现了世界各地数百万名人的个人详细信息，该数据库据报道与中国的军事和情报网络有联系。 主要是从社交媒体档案中编辑的。,misc,1,The Guardian,https://www.theguardian.com/world/2020/sep/14/zhenhua-data-full-list-leak-database-personal-details-millions-china-tech-company,,60
Cense AI,2500000 ,2020,8/20,一家人工智能公司的医疗记录在网上公开。,"tech, health",4,PC Mag,https://uk.pcmag.com/encryption/128228/report-ai-company-leaks-over-25m-medical-records,,61
Nintendo,300000 ,2020,4/20,未经授权访问数千个任天堂交换机帐户。 黑客能够使用保存的付款详细信息进行购买。,gaming,3,Tech Crunch,https://techcrunch.com/2020/06/09/nintendo-accounts-affected-breach/?guccounter=1&guce_referrer=aHR0cHM6Ly9nYW1lcy5zbGFzaGRvdC5vcmcvc3RvcnkvMjAvMDYvMDkvMTg0MjIzNy9uaW50ZW5kby1ub3ctc2F5cy0zMDAwMDAtYWNjb3VudHMtYnJlYWNoZWQtYnktaGFja2Vycz91dG1fc291cmNlPXJzczEuMG1haW5saW5rYW5vbiZ1dG1fbWVkaXVtPWZlZWQ&guce_referrer_sig=AQAAAIXC8IvaFgPdt5t-CUm7yPEhKblsmme4097SUtEWdSkjyrdsxVYiQBfbdpekm_Y29T7evb-5zNNl2-ZHfNSmVkKFnE5vClvpvsaPYykOO8WtAX76dZoL2EUkVL8XfmMQBVlNF43T5MATGNeSnwn6Ta6ELVBXnf_ZTsmVaemjk1Vf,,62
Pakistani mobile operators,115000000 ,2020,4/20,从Jazz和其他移动网络窃取的个人信息被以210万美元的比特币出售。,telecoms,2,ZDNet,https://www.zdnet.com/article/details-of-44m-pakistani-mobile-users-leaked-online-part-of-bigger-115m-cache/,,63
US Marshals Service,387000 ,2020,5/20,2019年12月，囚犯的敏感个人数据被盗。五个月后，他们接到通知。,government,2,NextGov,https://www.nextgov.com/cybersecurity/2020/05/us-marshals-service-breach-exposed-personal-data-387000-prisoners/165305/,,64
db8151dd,22000000 ,2020,5/20,在开放数据库中发现了来自多个网站的聚合数据。 它包括地址、职称、电话号码和社交媒体简介。 该漏洞被称为“db8151dd”。,web,2,9 to 5 Mac,https://9to5mac.com/2020/05/15/db8151dd/,,65
EasyJet,9000000 ,2020,5/20,这家航空公司在1月份意识到黑客入侵，但直到4月份才通知客户。 电子邮件地址、旅行详细信息和信用卡详细信息被盗。,transport,3,BBC,https://www.bbc.co.uk/news/technology-52722626,,66
Microsoft,250000000 ,2020,1/20,长达14年的客户支持记录都保存在网上，没有密码保护。,web,1,Forbes,https://www.forbes.com/sites/daveywinder/2020/01/22/microsoft-security-shocker-as-250-million-customer-records-exposed-online/#91076484d1b3,,67
Dutch Government,6900000 ,2020,3/20,两个包含690万注册器官捐献者数据的硬盘丢失。 其中包括联系方式、身份证号码和签名。,government,4,ZDNet,https://www.zdnet.com/article/dutch-government-loses-hard-drives-with-data-of-6-9-million-registered-donors/,,68
Virgin Media,900000 ,2020,3/20,一个配置不良的数据库将姓名、电子邮件地址和电话号码暴露了10个月。,retail,1,BBC,https://www.bbc.co.uk/news/business-51760510,,69
Boots Advantage Card,150000 ,2020,3/20,黑客访问了Advantage Card记录，但没有财务数据被盗。 使用积分的付款被暂停。,retail,1,Which,https://www.which.co.uk/news/2020/03/boots-advantage-card-tesco-clubcard-both-suffer-data-breaches-in-same-week/,,70
Tesco Clubcard,600000 ,2020,3/20,访问了累积忠诚度积分的详细信息，但财务细节未被披露。,retail,1,Tech Radar,https://www.techradar.com/uk/news/tesco-clubcard-holders-warned-of-major-security-issue,,71
Marriott Hotels,5200000 ,2020,3/20,从1月中旬到2月底，通过两名员工的登录访问了客人记录。,retail,2,Marriott,https://news.marriott.com/news/2020/03/31/marriott-international-notifies-guests-of-property-system-incident,,72
Zoom,500000 ,2020,4/20,电子邮件地址、密码和个人会议URL在黑暗网络上出售。 这导致了一系列变焦轰炸恶作剧。,app,1,We Live Security,https://www.welivesecurity.com/2020/04/16/half-million-zoom-accounts-sale-dark-web/,,73
Israeli government,6500000 ,2020,2/20,每个以色列选民的姓名、地址和身份证号码都是在属于Elector的一个不安全网站上找到的，Elector是一个政治通信应用程序。,government,2,NYTimes,https://www.nytimes.com/2020/02/10/world/middleeast/israeli-voters-leak.html?action=click&module=News&pgtype=Homepage,,74
MGM Hotels,10600000 ,2020,2/20,2019年对MGM服务器的黑客攻击中窃取的数据被发布在黑客论坛上。,retail,2,ZDNet,https://www.zdnet.com/article/exclusive-details-of-10-6-million-of-mgm-hotel-guests-posted-on-a-hacking-forum/,,75
Buchbinder Car Rentals,5000000 ,2020,1/20,包含个人详细信息的信件、发票和合同被暴露在一个不安全的公司服务器上。,transport,2,Teller Report,https://www.tellerreport.com/news/2020-01-22---big-data-leak--media--at-buchbinder-car-rental-company--customer-data-was-open-.BJ-S5Jk8Z8.html,,76
Wawa,30000000 ,2019,12/19,盗卡恶意软件被安装，并在九个月内未被发现。,retail,3,Krebs on Security,https://krebsonsecurity.com/2020/01/wawa-breach-may-have-compromised-more-than-30-million-payment-cards/,,77
Desjardins Group,4200000 ,2019,6/19,加拿大金融公司的一名员工在组织外泄露了客户信息：姓名、地址、生日、社会保险号和交易习惯。,finance,2,CBC,https://www.cbc.ca/news/canada/montreal/desjardins-data-breach-1.5344216,,78
US Customs and Border Protection,100000 ,2019,6/19,在一次针对监控承包商的网络攻击中，在美国边境过境点拍摄的面部照片和车牌被盗。,government,2,Washington Post,https://www.washingtonpost.com/technology/2019/06/10/us-customs-border-protection-says-photos-travelers-into-out-country-were-recently-taken-data-breach/?utm_term=.69c66aaf152f,,79
Quest Diagnostics,20000000 ,2019,6/19,在长达8个月的时间里，一个黑客集团从一家为美国医疗行业提供账单服务的公司窃取了个人信息和支付信息。,health,4,ZDNet,https://www.zdnet.com/article/amca-data-breach-has-now-gone-over-the-20-million-mark/,,80
Australian National University,200000 ,2019,6/19,一名黑客访问了个人信息，包括地址、银行账户详情、工资单信息和学术记录。 工作人员、学生和游客都受到了影响。,academic,4,Guardian,https://www.theguardian.com/australia-news/2019/jun/04/australian-national-university-hit-by-huge-data-breach,,81
Canva,139000000 ,2019,5/19,一名黑客窃取了澳大利亚平面设计服务用户的姓名、电子邮件地址和位置数据。,web,2,ZDNet,https://www.zdnet.com/article/australian-tech-unicorn-canva-suffers-security-breach/,,82
Chtrbox,49000000 ,2019,5/19,数百万Instagram影响者、名人和品牌账户的详细联系方式在一个在线数据库中被公开至少六天。,misc,1,Techcrunch,https://techcrunch.com/2019/05/20/instagram-influencer-celebrity-accounts-scraped/,,83
WiFi Finder,2000000 ,2019,4/19,一个用于查找本地WiFi密码的Android应用程序无意中提供了对整个数据库的访问，包括国内WiFi点。,app,1,Techcrunch,https://techcrunch.com/2019/04/22/hotspot-password-leak/,,84
Toyota,3100000 ,2019,4/19,丰田子公司IT系统的安全漏洞可能泄露了个人客户信息。,transport,2,Bleeping Computer,https://www.bleepingcomputer.com/news/security/toyota-security-breach-exposes-personal-info-of-31-million-clients/,https://global.toyota/jp/newsroom/corporate/27465617.html,85
Unknown,1800000 ,2019,3/19,一位荷兰研究员在一个开放的中文数据库中发现了女性的个人信息。 它包括电话号码、地址和它们的“品种准备就绪”状态，不管是什么。,web,4,The Guardian,https://www.theguardian.com/world/2019/mar/11/china-database-lists-breedready-status-of-18-million-women,,86
V?rdguiden,2700000 ,2019,2/19,瑞典医疗热线17万小时的敏感电话被存储在一个开放的网络服务器上，没有加密或身份验证。 违约被归咎于分包商Medicall。,health,5,ComputerSweden,https://computersweden.idg.se/2.2683/1.714787/inspelade-samtal-1177-vardguiden-oskyddade-internet,https://thenextweb.com/eu/2019/02/18/2-7-million-patient-calls-to-swedish-healthcare-hotline-left-unprotected-online/#,87
Dubsmash,162000000 ,2019,2/19,16个被黑客攻击的网站上6.17亿条在线账户信息被窃取，并在黑暗网络上出售。,web,1,The Register,https://www.theregister.co.uk/2019/02/11/620_million_hacked_accounts_dark_web/,,88
ShareThis,41000000 ,2019,2/19,16个被黑客攻击的网站上6.17亿条在线账户信息被窃取，并在黑暗网络上出售。,web,1,The Register,https://www.theregister.co.uk/2019/02/11/620_million_hacked_accounts_dark_web/,,89
HauteLook,28000000 ,2019,2/19,16个被黑客攻击的网站上6.17亿条在线账户信息被窃取，并在黑暗网络上出售。,retail,1,The Register,https://www.theregister.co.uk/2019/02/11/620_million_hacked_accounts_dark_web/,,90
Animoto,25000000 ,2019,2/19,16个被黑客攻击的网站上6.17亿条在线账户信息被窃取，并在黑暗网络上出售。,web,1,The Register,https://www.theregister.co.uk/2019/02/11/620_million_hacked_accounts_dark_web/,,91
EyeEm,22000000 ,2019,2/19,16个被黑客攻击的网站上6.17亿条在线账户信息被窃取，并在黑暗网络上出售。,web,1,The Register,https://www.theregister.co.uk/2019/02/11/620_million_hacked_accounts_dark_web/,,92
8fit,20000000 ,2019,2/19,16个被黑客攻击的网站上6.17亿条在线账户信息被窃取，并在黑暗网络上出售。,web,1,The Register,https://www.theregister.co.uk/2019/02/11/620_million_hacked_accounts_dark_web/,,93
Whitepages,18000000 ,2019,2/19,16个被黑客攻击的网站上6.17亿条在线账户信息被窃取，并在黑暗网络上出售。,web,1,The Register,https://www.theregister.co.uk/2019/02/11/620_million_hacked_accounts_dark_web/,,94
Fotolog,16000000 ,2019,2/19,16个被黑客攻击的网站上6.17亿条在线账户信息被窃取，并在黑暗网络上出售。,web,1,The Register,https://www.theregister.co.uk/2019/02/11/620_million_hacked_accounts_dark_web/,,95
Armor Games,11000000 ,2019,2/19,16个被黑客攻击的网站上6.17亿条在线账户信息被窃取，并在黑暗网络上出售。,gaming,1,The Register,https://www.theregister.co.uk/2019/02/11/620_million_hacked_accounts_dark_web/,,96
BookMate,8000000 ,2019,2/19,16个被黑客攻击的网站上6.17亿条在线账户信息被窃取，并在黑暗网络上出售。,web,1,The Register,https://www.theregister.co.uk/2019/02/11/620_million_hacked_accounts_dark_web/,,97
CoffeeMeetsBagel,6000000 ,2019,2/19,16个被黑客攻击的网站上6.17亿条在线账户信息被窃取，并在黑暗网络上出售。,web,1,The Register,https://www.theregister.co.uk/2019/02/11/620_million_hacked_accounts_dark_web/,,98
Artsy,1000000 ,2019,2/19,16个被黑客攻击的网站上6.17亿条在线账户信息被窃取，并在黑暗网络上出售。,web,1,The Register,https://www.theregister.co.uk/2019/02/11/620_million_hacked_accounts_dark_web/,,99
DataCamp,700000 ,2019,2/19,16个被黑客攻击的网站上6.17亿条在线账户信息被窃取，并在黑暗网络上出售。,web,1,The Register,https://www.theregister.co.uk/2019/02/11/620_million_hacked_accounts_dark_web/,,100
Ixigo,18000000 ,2019,2/19,从8个被黑客入侵的网站窃取1.27亿个在线账户详细信息。 在其他16个网站的6.17亿条类似记录发布一周后，它们在黑暗网络上被出售。,transport,1,Techcrunch,https://techcrunch.com/2019/02/14/hacker-strikes-again/,,101
YouNow,40000000 ,2019,2/19,从8个被黑客入侵的网站窃取1.27亿个在线账户详细信息。 在其他16个网站的6.17亿条类似记录发布一周后，它们在黑暗网络上被出售。,web,1,Techcrunch,https://techcrunch.com/2019/02/14/hacker-strikes-again/,,102
Houzz,57000000 ,2019,2/19,从8个被黑客入侵的网站窃取1.27亿个在线账户详细信息。 在其他16个网站的6.17亿条类似记录发布一周后，它们在黑暗网络上被出售。,retail,2,Techcrunch,https://techcrunch.com/2019/01/31/houzz-data-breach/,,103
Ge.tt,1800000 ,2019,2/19,从8个被黑客入侵的网站窃取1.27亿个在线账户详细信息。 在其他16个网站的6.17亿条类似记录发布一周后，它们在黑暗网络上被出售。,web,1,Techcrunch,https://techcrunch.com/2019/02/14/hacker-strikes-again/,,104
Coinmama,450000 ,2019,2/19,从8个被黑客入侵的网站窃取1.27亿个在线账户详细信息。 在其他16个网站的6.17亿条类似记录发布一周后，它们在黑暗网络上被出售。,finance,1,Techcrunch,https://techcrunch.com/2019/02/14/hacker-strikes-again/,,105
Roll20,4000000 ,2019,2/19,从8个被黑客入侵的网站窃取1.27亿个在线账户详细信息。 在其他16个网站的6.17亿条类似记录发布一周后，它们在黑暗网络上被出售。,gaming,1,Techcrunch,https://techcrunch.com/2019/02/14/hacker-strikes-again/,,106
Stronghold Kingdoms,5000000 ,2019,2/19,从8个被黑客入侵的网站窃取1.27亿个在线账户详细信息。 在其他16个网站的6.17亿条类似记录发布一周后，它们在黑暗网络上被出售。,gaming,1,Techcrunch,https://techcrunch.com/2019/02/14/hacker-strikes-again/,,107
Petflow,1000000 ,2019,2/19,从8个被黑客入侵的网站窃取1.27亿个在线账户详细信息。 在其他16个网站的6.17亿条类似记录发布一周后，它们在黑暗网络上被出售。,retail,1,Techcrunch,https://techcrunch.com/2019/02/14/hacker-strikes-again/,,108
500px,14800000 ,2019,2/19,2018年7月的一次黑客攻击暴露了所有500像素用户的个人信息，包括姓名、用户名、电子邮件地址、加密密码、位置、出生日期和性别。,web,2,PetaPixel,https://petapixel.com/2019/02/13/500px-hacked-personal-data-stolen-from-all-14-8-million-users/,,109
Blur,2400000 ,2019,1/19,属于密码管理服务的服务器包含一个可自由访问的文件，其中包含用户的电子邮件地址、姓名和加密密码。,tech,1,ZDNet,https://www.zdnet.com/article/data-of-2-4-million-blur-password-manager-users-left-exposed-online/,,110
Blank Media Games,7600000 ,2019,1/19,一名黑客从一个不安全的服务器上窃取了游戏“塞勒姆小镇”玩家的用户名、电子邮件地址和加密密码。,gaming,1,ZDNet,https://www.zdnet.com/article/town-of-salem-game-suffers-data-breach-exposing-7-6-million-user-details/,,111
Indian citizens,275265298 ,2019,5/19,发现了一个巨大的、未受保护的MongoDB数据库，其中包含印度公民的个人信息，包括他们的教育、简历和当前工资。,web,2,Bleeping Computer,https://www.bleepingcomputer.com/news/security/over-275-million-records-exposed-by-unsecured-mongodb-database/,,112
Bulgarian National Revenue Agency,5000000 ,2019,7/19,一名黑客从110个政府数据库中窃取了保加利亚公民的个人信息。 500万记录，总人口700万。,government,2,ZDNet,https://www.zdnet.com/article/hacker-steals-data-of-millions-of-bulgarians-emails-it-to-local-media/,,113
Capital One,100000000 ,2019,7/19,大规模数据泄露包括14年来来自信用卡应用程序的个人信息。 36岁的前亚马逊员工Paige Thompson被判犯有电报诈骗罪。,finance,3,Forbes,https://www.forbes.com/sites/rachelsandler/2019/07/29/capital-one-says-hacker-breached-accounts-of-100-million-people-ex-amazon-employee-arrested/#2a5cb36b41d2,,114
Suprema,27800000 ,2019,8/19,一家生物特征安全公司将未加密的用户名和密码、指纹和面部识别信息存储在一个可公开访问的数据库中。,tech,5,Guardian,https://www.theguardian.com/technology/2019/aug/14/major-breach-found-in-biometrics-system-used-by-banks-uk-police-and-defence-firms,,115
Facebook,419000000 ,2019,9/19,一些未受保护的数据库被发现包含大约20%的Facebook用户的电话号码，其中包括（在某些情况下）姓名和位置。,web,2,Fast Company,https://www.fastcompany.com/90399734/the-phone-numbers-of-419-million-facebook-accounts-have-been-leaked,,116
DoorDash,4900000 ,2019,9/19,2018年4月前加入该平台的用户的姓名、电子邮件地址、订单历史记录、电话号码和加密密码在黑客攻击中被盗。,transport,2,Techcrunch,https://techcrunch.com/2019/09/26/doordash-data-breach/,,117
BriansClub,26000000 ,2019,10/19,一个出售被盗支付卡数据的网站遭到黑客攻击，2600万条记录被泄露。 银行能够使这些卡失效，使世界上大约1/3的被盗卡停止流通。,web,3,Ars Technica,https://arstechnica.com/information-technology/2019/10/data-for-a-whopping-26-million-stolen-payment-cards-leaked-in-hack-of-fraud-bazaar/,,118
OxyData,380000000 ,2019,11/19,数据聚合公司编译的信息在一个不安全的服务器上发现。 它包括完整的LinkedIn数据，包括招聘人员信息。,tech,2,Dataviper,https://www.dataviper.io/blog/2019/pdl-data-exposure-billion-people/,,119
Click2Gov,300000 ,2018,12/18,政府支付软件的漏洞使得黑客能够访问美国46个城市的财务记录和个人数据。,finance,3,Fortune,http://fortune.com/2018/12/18/click2gov-local-government-portals-hackers-credit-card-breach/,,120
SingHealth,1500000 ,2018,7/18,黑客窃取了150万名患者的个人信息，以及包括总理李鹤祥在内的16万人的处方信息。,health,4,Straits Times,https://www.straitstimes.com/singapore/personal-info-of-15m-singhealth-patients-including-pm-lee-stolen-in-singapores-most,,121
GovPayNow.com,14000000 ,2018,9/18,美国政府机构使用的一家公司，通过标准网络浏览器接受公开的个人记录（包括地址、电话号码和信用卡数字）的在线支付。,finance,2,Krebs on Security,https://krebsonsecurity.com/2018/09/govpaynow-com-leaks-14m-records/,,122
Cathay Pacific Airways,94000000 ,2018,10/18,被盗数据包括姓名、国籍、出生日期、电话号码、地址、护照和身份证号码以及过期的信用卡号码。,transport,3,ABC News,https://www.abc.net.au/news/2018-10-25/cathay-pacific-data-breach-affects-9.4-million-customers/10429878,,123
Chinese resume leak,202000000 ,2018,12/18,在一个不安全的数据库中发现了被认为是从中国求职网站上抓取的信息。 包括简历、电话号码、身高、体重、驾照和文化程度。,web,2,HackenProof,https://blog.hackenproof.com/industry-news/202-million-private-resumes-exposed,,124
Google+,52500000 ,2018,12/18,一个漏洞向开发人员暴露了用户的个人详细信息，即使他们的配置文件设置为私有。 结果，谷歌提前4个月关闭了社交网络的消费者版。,web,2,The Verge,https://www.theverge.com/2018/12/10/18134541/google-plus-privacy-api-data-leak-developers,,125
Quora,100000000 ,2018,12/18,登录详细信息和私人消息被“恶意第三方”泄露。,web,1,NY Times,https://www.nytimes.com/2018/12/04/technology/quora-hack-data-breach.html,,126
Marriott International,383000000 ,2018,11/18,黑客破坏了喜达屋所有酒店的预订系统，包括喜来登、威斯汀和艾美酒店。 2014年的个人信息、信用卡详细信息和护照信息被盗。,retail,3,"NY Times, CNET",https://www.nytimes.com/2018/11/30/business/marriott-data-breach.html,https://www.cnet.com/news/marriott-says-hackers-stole-more-than-5-million-passport-numbers/,127
NMBS,700000 ,2018,12/18,客户姓名、性别、出生日期、电子邮件和邮政地址数据保存在比利时铁路局的一个公开搜索服务器上。 由数据工作者“点击错误按钮”引起。,transport,2,Flanders Today,http://www.flanderstoday.eu/business/nmbs-data-leak-was-breach-privacy,,128
Facebook,50000000 ,2018,3/18,当时由史蒂夫・班农（Steve Bannon）领导的剑桥分析公司（Cambridge Analytica）于2014年初收集了个人资料，建立了一个系统，可以对美国选民进行个人资料分析，并以政治广告为目标。,web,1,Guardian,https://www.theguardian.com/news/2018/mar/17/cambridge-analytica-facebook-influence-us-election?CMP=twt_gu,,129
Panerabread,37000000 ,2018,4/18,顾客记录，包括忠诚卡号，可通过该面包连锁店的网站查询至少8个月。 该公司声称有10k份记录被泄露。 安全研究人员估计这个数字超过3700万。,retail,2,"Krebsonsecurity, Medium",https://krebsonsecurity.com/2018/04/panerabread-com-leaks-millions-of-customer-records/,https://medium.com/@djhoulihan/no-panera-bread-doesnt-take-security-seriously-bf078027f815,130
Dixons Carphone,10000000 ,2018,6/18,该公司承认，黑客能够访问1000万名客户和600万张支付卡的详细信息。,telecoms,1,BBC,https://www.bbc.co.uk/news/business-45016906,,131
MyHeritage,92283889 ,2018,6/18,这家家谱网站收到了一条来自一位研究人员的消息，他在外部服务器上发现了超过9200万个电子邮件地址和加密密码。,web,1,Bloomberg,https://www.bloombergquint.com/technology/hack-of-dna-website-exposes-data-from-92-million-user-accounts,,132
Saks and Lord & Taylor,5000000 ,2018,4/18,一个已知的网络犯罪团伙将软件植入商店收银机，从读者那里窃取信用卡信息。,retail,3,NYTimes,https://www.nytimes.com/2018/04/01/technology/saks-lord-taylor-credit-cards.html,,133
Careem,14000000 ,2018,4/18,这家总部位于迪拜的叫车服务公司承认，名字、电子邮件地址、电话号码和行程数据在其称之为“网络事件”的事件中被访问。,app,2,Khaleej Times,https://www.khaleejtimes.com/nation/dubai//dubais-careem-admits-to-data-breach-of-14-million-users,,134
Texas voter records,14800000 ,2018,8/18,在一个不安全的服务器上发现了一个包含1480万选民记录的文件。 它被认为最初是由专注于共和党的数据分析公司Data Trust编制的。,web,2,TechCrunch,https://techcrunch.com/2018/08/23/millions-of-texas-voter-records-exposed-online/,,135
British Airways,380000 ,2018,9/18,在夏季两周内预订航班的客户的个人和财务细节被泄露。,transport,4,Guardian,https://www.theguardian.com/business/2018/sep/06/british-airways-customer-data-stolen-from-its-website,,136
T-Mobile,2000000 ,2018,8/18,个人数据以及用一种臭名昭著的弱算法（MD5）加密的密码被窃取。 该公司最初未能透露密码泄露，“因为密码是加密的”。,telecoms,1,Motherboard,https://motherboard.vice.com/en_us/article/a3qpk5/t-mobile-hack-data-breach-api-customer-data,,137
MyFitnessPal,150000000 ,2018,3/18,违反健身应用程序用户的用户名、电子邮件地址和散列密码。,app,1,Guardian,https://www.theguardian.com/technology/2018/mar/30/hackers-steal-data-150m-myfitnesspal-app-users-under-armour,,138
Helse S?r-?st RHF,3000000 ,2018,2/18,挪威一半以上人口的病历被盗。 黑客被认为是通过运行Windows XP的旧计算机进行的。,health,4,It Governance,https://www.itgovernance.eu/blog/en/breach-at-norways-largest-healthcare-authority-was-a-disaster-waiting-to-happen,,139
Nametests,120000000 ,2018,6/18,Facebook上一个“个性测试”应用程序的安全性失败，导致近两年来数百万人的数据公开，即使他们删除了该应用程序。,app,1,Medium,https://medium.com/@intideceukelaire/this-popular-facebook-app-publicly-exposed-your-data-for-years-12483418eff8,,140
Ticketmaster,40000 ,2018,6/18,数据是通过对第三方客户支持公司的攻击而被盗的。 这可能会影响2018年2月至6月期间购票的英国客户。,web,3,BBC News,https://www.bbc.co.uk/news/technology-44628874,,141
Firebase,100000000 ,2018,6/18,应用程序开发人员使用的配置错误的数据库被发现泄露了113GB的个人数据，这些数据是数千个iOS和Android移动应用程序积累的。,app,5,Bleeping Computer,https://www.bleepingcomputer.com/news/security/thousands-of-apps-leak-sensitive-data-via-misconfigured-firebase-backends/,,142
Aadhaar,550000000 ,2018,3/18,印度的生物特征数据库因一家国有公用事业公司的泄露而遭到破坏。 所有注册的印度公民都受到影响； 他们的姓名、身份证号码和银行详细信息被曝光。 后来在WhatsApp上发现的数据售价低于 ￡ 6.,government,4,ZDNet,http://www.zdnet.com/article/another-data-leak-hits-india-aadhaar-biometric-database/,,143
Grindr,3000000 ,2018,3/18,一个允许用户查看谁阻止了他们的第三方工具能够访问非公开的个人信息，包括选择退出位置共享的用户的位置。,app,3,NBC News,https://www.nbcnews.com/feature/nbc-out/security-flaws-gay-dating-app-grindr-expose-users-location-data-n858446,,144
Orbitz,880000 ,2018,3/18,旅游网站的一个旧版本遭到黑客攻击，暴露了2016年和2017年购物的人的个人详细信息和支付卡信息。Orbitz现在归Expedia所有。,web,3,US News,https://www.usnews.com/news/business/articles/2018-03-20/orbitz-legacy-travel-booking-platform-likely-hacked,,145
MBM Company,1300000 ,2018,3/18,这家珠宝公司的一个不安全的客户数据库暴露了邮政地址、电子邮件地址、IP地址和纯文本密码。,retail,4,NextWeb,https://thenextweb.com/security/2018/03/14/jewelry-site-accidentally-leaks-personal-details-plaintext-passwords-1-3m-users/,,146
LocalBlox,48000000 ,2018,5/18,云存储存储库已公开访问。 数据包括姓名、地址、DOB以及从包括Facebook在内的社交媒体网站上获取的其他信息。,web,2,UpGuard,https://www.upguard.com/breaches/s3-localblox,,147
Twitter,330000000 ,2018,5/18,一个小故障导致一些密码以可读文本的形式存储，这些文本在推特的内部计算机系统上可见。,tech,1,Reuters,https://www.reuters.com/article/us-twitter-passwords/twitter-urges-all-users-to-change-passwords-after-glitch-idUSKBN1I42JG,,148
ViewFines,934000 ,2018,5/18,来自南非一家交通罚款支付公司的数据在网上泄露。 它包括姓名、身份证号码、手机号码、电子邮件地址和纯文本密码。,transport,4,iAfrikan,https://www.iafrikan.com/2018/05/23/just-under-1-million-personal-records-of-south-africans-leaked-online/,,149
TicketFly,27000000 ,2018,5/18,票务公司的姓名、地址、电子邮件地址和电话号码被盗。 提出了赎金要求。 联邦调查局于2020年2月起诉了一名嫌疑人。,web,2,The Verge,https://www.theverge.com/2018/6/7/17438516/ticketfly-hack-personal-information-26-million-customers-leaked,,150
Amazon,5000000 ,2018,11/18,一个“技术问题”无意中导致客户姓名和电子邮件地址在黑色星期五之前发布到亚马逊网站。,retail,1,Guardian,https://www.theguardian.com/technology/2018/nov/21/amazon-hit-with-major-data-breach-days-before-black-friday,,151
Urban Massage,309000 ,2018,11/18,一个没有密码保护的在线数据库包含数千条客户记录，包括姓名、电子邮件地址、电话号码和性行为不当投诉。,app,2,Tech Crunch,https://techcrunch.com/2018/11/27/urban-massage-data-exposed-customers-creepy-clients/?guccounter=1,,152
Dell,100000 ,2018,11/18,Dell检测到并中断了提取客户姓名、电子邮件地址和散列密码的未经授权尝试。 受影响客户的数量未披露。,tech,1,ZD Net,https://www.zdnet.com/article/dell-announces-security-breach/,,153
High Tail Hall,411000 ,2018,11/18,黑客获取了“色情角色扮演游戏”用户的电子邮件地址、姓名、订单历史、散列密码、物理地址和IP地址。,web,2,Daily Mail,https://www.dailymail.co.uk/sciencetech/article-6415441/Furry-erotica-site-hit-data-breach-exposed-hundreds-thousands-users-information.html,,154
SKY Brasil,32000000 ,2018,11/18,配置不佳的服务器暴露了客户的详细信息，包括付款方式，持续的时间足以让他们“有可能”被盗。,telecoms,1,Bleeping Computer,https://www.bleepingcomputer.com/news/security/sky-brasil-exposes-32-million-customer-records/,,155
Vision Direct,16300 ,2018,11/18,一次为期5天的数据泄露事件中，攻击者窃取了个人信息、密码和CVV安全代码。,retail,4,BBC,https://www.bbc.co.uk/news/technology-46261209,,156
Medicare & Medicaid,93689 ,2018,11/18,美国医疗计划申请人的“敏感”信息遭到黑客攻击。 它包括姓名、出生日期、地址、预期收入和健康保险状况。,health,2,HCA News,https://www.hcanews.com/news/update-94k-hit-in-cms-data-breach,,157
Facebook,29000000 ,2018,10/18,Facebook历史上最大的黑客攻击。 姓名、出生日期、电话号码、搜索历史和位置数据被伪装成数字营销公司的黑客窃取。,web,2,"Business Insider, Facebook",https://www.businessinsider.com.au/facebook-thinks-spammers-responsible-hack-stole-info-from-29-million-users-2018-10?r=US&IR=T,https://newsroom.fb.com/news/2018/10/update-on-security-issue/,158
Newegg,45000000 ,2018,9/18,黑客在在线零售商的支付页面上注入了15行刷卡代码。 它在网上保留了一个多月。,retail,3,TechCrunch,https://techcrunch.com/2018/09/19/newegg-credit-card-data-breach/,,159
Mount Olympus,1100 ,2016,3/16,一名员工偷走了客户信息和贷款文件，并在他为竞争对手工作时随身携带。 后来，奥林巴斯山赔偿2500万美元。,finance,5,Housing Wire,https://www.housingwire.com/articles/36597-guaranteed-rate-ordered-to-pay-25m-to-mount-olympus-mortgage-for-data-theft/,,160
Apollo,200000000 ,2018,5/18,数据收集公司在网上公开了一个数据库，显示了2亿联系人、1000万公司和90亿“数据点”。,tech,1,Wired,https://www.wired.com/story/apollo-breach-linkedin-salesforce-data/,,161
Disqus,17500000 ,2017,12/17,2012年，黑客窃取了1750万个电子邮件地址。其中约三分之一的记录包括使用弱算法散列的密码。,web,4,ZD Net,http://www.zdnet.com/article/disqus-confirms-comments-tool-hacked/,,162
RootsWeb,300000 ,2017,12/17,Ancestry.com社区驱动网站RootsWeb的“泄漏服务器”上的数据被曝光。 密码、电子邮件地址和用户名被泄露。,web,4,Threat Post,https://threatpost.com/leaky-rootsweb-server-exposes-some-ancestry-com-user-data/129248/,,163
Yahoo,32000000 ,2017,3/17,两年来，黑客使用伪造的cookie登录数百万个雅虎账户，而无需密码。,web,4,CNet,https://www.cnet.com/news/yahoo-says-forged-cookie-attack-accessed-about-32m-accounts/,,164
Uber,57000000 ,2017,11/17,优步将2016年10月的个人信息泄露隐瞒了一年多。 他们付给黑客10万美元删除被盗数据。 首席安全官辞职了。,app,1,Bloomberg,https://www.bloomberg.com/news/articles/2017-11-21/uber-concealed-cyberattack-that-exposed-57-million-people-s-data,,165
Wonga,270000 ,2017,4/17,该公司报告称，未经授权获取英国和波兰客户的姓名、地址、电话号码和银行账户详细信息。,finance,4,The Guardian,https://www.theguardian.com/business/2017/apr/09/wonga-data-breach-could-affect-250000-uk-customers?CMP=Share_iOSApp_Other,,166
Snapchat,1700000 ,2017,4/17,印度黑客在对Snapchat首席执行官关于他们国家的言论感到愤怒后泄露了记录。,app,1,BGR,http://www.bgr.in/news/indian-hacker-group-leaks-data-of-1-7-million-snapchat-users-after-ceos-poor-country-comments-report/,,167
Spambot,520000000 ,2017,8/17,一个错误配置的垃圾邮件泄露了电子邮件地址和密码。 “在整个欧洲，几乎每个男人、女人和孩子都有一个地址。”这一套包括一些虚假或重复的账户。,web,4,The Guardian,https://www.theguardian.com/technology/2017/aug/30/spambot-leaks-700m-email-addresses-huge-data-breach-passwords,,168
CEX,2000000 ,2017,8/17,这家二手游戏销售商成为安全漏洞的受害者。 “未经授权的第三方”访问保存个人信息的系统。,retail,3,PC Mag,https://uk.pcmag.com/cex/90937/cex-hack-up-to-2m-customers-potentially-affected,,169
Al.type,31000000 ,2017,12/17,可定制键盘应用程序的开发人员未能保护其数据库服务器。 577GB的用户记录被公开。,app,4,ZDNet,http://www.zdnet.com/article/popular-virtual-keyboard-leaks-31-million-user-data/,,170
Cellebrite,3000000 ,2017,1/17,Cellebrite的主要产品是一种从手机上窃取数据的设备。 900 GB的数据从Cellebrite被盗。 黑客被黑客攻击了。 记录的数量未知。,tech,2,Vice,https://www.vice.com/en_us/article/3daywj/hacker-steals-900-gb-of-cellebrite-data,,171
Waterly,1000000 ,2017,1/17,一款允许以色列人支付水费的应用程序在登录过程中存在漏洞。 它可以显示付款历史、个人ID信息和信用卡详细信息。,app,3,Data Breaches,https://www.databreaches.net/waterly-app-potentially-exposed-up-to-1-million-israelis-details-researcher/,,172
Swedish Transport Agency,3000000 ,2017,7/17,所有瑞典驾照数据均已提供给捷克IT员工。 官方报告审查了国家安全是否受到损害的问题。,government,5,The Local,https://www.thelocal.se/20170717/swedish-authority-handed-over-keys-to-the-kingdom-in-it-security-slip-up,,173
Hong Kong Registration & Electoral Office,3700000 ,2017,3/17,两台笔记本电脑在香港领导人选举的备用场地被盗。 选民的姓名和该市选民的个人信息被泄露。,government,2,SCMP,http://www.scmp.com/news/hong-kong/politics/article/2082566/laptops-containing-37-million-hong-kong-voters-data-stolen,,174
River City Media,340000000 ,2017,3/17,世界上最大的垃圾邮件操作之一意外泄漏了其数据库的备份，其中包含超过10亿个电子邮件地址，以及真实姓名、IP和物理地址。,web,2,Guardian,https://www.theguardian.com/technology/2017/mar/06/email-addresses-spam-leak-river-city-media,,175
DaFont,700000 ,2017,5/17,该字体网站的数据库遭到了一名黑客的攻击，他曾看到该网站在其他地方进行交易。 这个缺陷“很容易找到”。 用户名、电子邮件地址和密码被盗。,web,4,ZD Net,http://www.zdnet.com/article/font-sharing-site-dafont-hacked-thousands-of-accounts-stolen/,,176
Bell,1900000 ,2017,5/17,客户和承包商的电子邮件地址和信息在从一个不安全的数据库中被盗后被泄露。 该公司受到进一步泄密的威胁。,telecoms,1,CBC,http://www.cbc.ca/beta/news/technology/bell-data-breach-customer-names-phone-numbers-emails-leak-1.4116608,,177
Zomato,17000000 ,2017,5/17,被盗的电子邮件地址和散列密码在黑暗网络上以略高于1000美元的价格出售。,web,4,HackRead,https://www.hackread.com/zomato-hacked-17-million-accounts-sold-on-dark-web/,,178
Imgur,1700000 ,2017,5/17,被盗的电子邮件地址和散列密码在黑暗网络上以略高于1000美元的价格出售。,app,4,Imgur,https://blog.imgur.com/2017/11/24/notice-of-data-breach/,,179
TIO Networks,1600000 ,2017,12/17,一家提供账单支付服务的贝宝子公司遭遇了“安全事件”。 个人信息和财务细节可能被泄露。,finance,4,Bleeping Computer,https://www.bleepingcomputer.com/news/security/paypal-says-1-6-million-customer-details-stolen-in-breach-at-canadian-subsidiary/,,180
Malaysian telcos & MVNOs,46200000 ,2017,10/17,2014年，十多家马来西亚移动运营商的电话号码、客户详细信息、地址和SIM卡信息被盗后，在网上被发现。,telecoms,4,LowYat,https://www.lowyat.net/2017/146339/46-2-million-mobile-phone-numbers-leaked-from-2014-data-breach/,,181
Malaysian medical practitioners,81309 ,2017,10/17,马来西亚医学会、马来西亚医学会和马来西亚牙科协会的数据库在2014年被盗后被在线发现。,health,4,Silicon,https://www.silicon.co.uk/cloud/data-breach-mobile-numbers-malaysia-224079,,182
Instagram,6000000 ,2017,9/17,Instagram API中的一个漏洞暴露了用户的联系方式。 这些数据被放在网上一个可搜索的数据库中，每次搜索收费10美元。,web,1,The Verge,https://www.theverge.com/2017/9/1/16244304/instagram-hack-api-bug-doxagram-selena-gomez,,183
Viacom,3000000 ,2017,9/17,一台配置错误的服务器暴露了维亚康姆1Gb的证书，研究人员称，这足以摧毁该公司的内部IT基础设施。,web,4,The Hacker News,https://thehackernews.com/2017/09/viacom-amazon-server.html,,184
Equifax,143000000 ,2017,9/17,健康保险公司的数据库遭到破坏，暴露了美国、英国和加拿大公民的姓名、社会安全号码、出生日期、地址、驾照号码和信用卡信息。,finance,4,UK Gov,https://www.consumer.ftc.gov/blog/2017/09/equifax-data-breach-what-do,,185
SVR Tracking,540000 ,2017,9/17,个人数据和车辆详细信息被曝光。 客户密码是使用容易破解的算法存储的。,app,4,The Hacker News,https://thehackernews.com/2017/09/hacker-track-car.html,,186
LinkedIn,117000000 ,2016,5/16,在被黑客窃取后，黑市上发现了大量登录凭证。 该漏洞始于2012年，当时该公司的密码安全政策薄弱。,web,1,CNN,http://money.cnn.com/2016/05/19/technology/linkedin-hack/,https://money.cnn.com/2012/06/06/technology/linkedin-password-hack/?iid=EL,187
Tumblr,65000000 ,2016,5/16,三年前的数据泄露事件曝光。 数以百万计的电子邮件地址和散列密码被窃取。,web,1,Vice,https://www.vice.com/en_us/article/8q88k5/hackers-stole-68-million-passwords-from-tumblr-new-analysis-reveals,,188
Yahoo,500000000 ,2016,9/16,当时，单个网站上有史以来最大的数据泄露事件。 据雅虎称，这是一名“国家赞助演员”偷走的。 其中包括姓名、出生日期和安全信息。,web,2,CNBC,https://www.cnbc.com/2016/09/22/yahoo-data-breach-is-among-the-biggest-in-history.html,,189
Mossack Fonseca,11500000 ,2016,4/16,一名黑客从巴拿马律师事务所窃取了2.6 TB的数据。 它包括电子邮件、合同、扫描文件、抄本和与许多政治家和公众人物有关的敏感信息。,misc,5,PanamaPapers,http://panamapapers.sueddeutsche.de/articles/56febff0a1bb8d3c3495adf4/,,190
Philippines’ Commission on Elections,55000000 ,2016,4/16,匿名组织的黑客在COMELEC网站上发布了一条消息，警告政府选举安全薄弱，随后整个选民数据库被盗并发布在网上。,government,5,Trend Micro,http://blog.trendmicro.com/trendlabs-security-intelligence/55m-registered-voters-risk-philippine-commission-elections-hacked/,,191
Syrian government,274477 ,2016,4/16,自称为“网络司法团队”的黑客组织从多个叙利亚政府和私人网站泄露了10GB的数据。 其中大部分是从以前已知的黑客中复制的。,government,1,Softpedia,http://news.softpedia.com/news/syrian-government-hacked-43-gb-of-data-spilled-online-by-hacktivists-502765.shtml,,192
Minecraft,7000000 ,2016,4/16,使用Minecraft救生艇服务的玩家的电子邮件地址和密码被泄露。 密码的散列非常弱。,gaming,1,BBC,https://www.bbc.co.uk/news/technology-36168860,,193
Turkish citizenship database,49611709 ,2016,4/16,最初于2008年被盗的整个选民记录数据库在网上泄露。,government,2,Business Insider,http://www.businessinsider.com/turkish-citizenship-database-allegedly-hacked-and-leaked-2016-4?r=UK&IR=T,,194
Banner Health,3700000 ,2016,8/16,黑客获得了用于在Banner Health商店购买食品和饮料的支付卡数据。 2019年，Banner同意就违约事宜达成600万美元的和解。,health,3,Healthcare Informatics,https://www.healthcare-informatics.com/news-item/cybersecurity/breaking-massive-cyber-attack-banner-health-affects-37m-individuals,,195
Mail. ru,25000000 ,2016,8/16,两名黑客攻击了由俄罗斯Mail.ru公司主办的三个与游戏相关的论坛。他们窃取了电子邮件地址，篡改了密码和生日。,web,2,ZD Net,http://www.zdnet.com/article/over-25-million-accounts-stolen-after-mail-ru-forums-raided-by-hackers/,,196
PayAsUGym,300000 ,2016,12/16,健身网站遭到黑客攻击。 电子邮件地址和密码已在线发布。,web,1,BBC News,http://www.bbc.co.uk/news/technology-38350987,,197
Lynda.com,9500000 ,2016,12/16,黑客破坏了一个保存联系信息和在线课程兴趣的数据库。 林达的所有者LinkedIn表示，55000个用户密码也被破解。,web,1,Neowin,https://www.neowin.net/news/microsoft-owned-linkedin-is-sending-emails-to-users-about-a-lyndacom-data-breach,,198
Linux Ubuntu forums,2000000 ,2016,7/16,200万用户名、电子邮件地址和IP地址通过论坛软件中的漏洞被泄露。,web,1,ZDnet,https://www.zdnet.com/article/ubuntu-forums-hack-exposes-two-million-users/,,199
Wendy's,1025 ,2016,7/16,1025个销售点系统中安装的恶意软件被用来窃取客户的信用卡数据。 目前尚不清楚有多少人受到影响。,retail,3,Forbes,https://www.forbes.com/sites/moneybuilder/2016/07/08/this-week-in-credit-card-news-wendys-data-breach-affects-1000-stores-card-fraud-dropping/#260a2f727bab,,200
Clinton campaign,5000000 ,2016,7/16,希拉里・克林顿竞选团队使用的计算机网络遭到黑客攻击，这是针对民主党政治组织的更广泛网络攻击的一部分。,government,2,Reuters,http://news.trust.org/item/20160729204542-r98dj,,201
uTorrent,35000 ,2016,6/16,通过第三方获取用户数据。 由于不确定究竟被盗了什么，该公司建议用户更改密码。,web,1,Torrent Freak,https://torrentfreak.com/utorrent-forums-hacked-passwords-compromised-160608/,,202
World Check,2200000 ,2016,6/16,全球银行和情报机构使用的恐怖分子嫌疑人和罪犯数据库在网上泄露。 访问权通常通过严格的审查程序授予。,misc,3,The Stack,https://thestack.com/security/2016/06/29/2-million-person-terror-database-leaked-online/,,203
Mutuelle Generale de la Police,112000 ,2016,6/16,一名员工将法国警察的个人详细信息上传至谷歌硬盘。 两周前，一名宪兵在一次由ISIS引发的袭击中被谋杀，这起泄密事件发生了。,health,5,BBC News,http://www.bbc.co.uk/news/world-europe-36645519,,204
VK,171000000 ,2016,6/16,2013年，俄罗斯社交网络上的一个数据库被盗，包含全名、电子邮件地址和密码，该数据库在网上出售。,web,4,Motherboard,http://motherboard.vice.com/read/another-day-another-hack-100-million-accounts-for-vk-russias-facebook,,205
KM.ru & Nival,1500000 ,2016,3/16,一名黑客针对几家俄罗斯网站对乌克兰上空击落MH17航班进行报复。 他们包括视频游戏公司Nival和电子邮件提供商KM.ru。,web,4,Motherboard,https://motherboard.vice.com/en_us/article/pgkp57/a-teen-hacker-is-targeting-russian-sites-as-revenge-for-the-mh17-crash,,206
Fling,40000000 ,2016,5/16,据称2011年被盗的数据在黑网上出售。 这些藏品包括电子邮件地址、纯文本密码以及性欲和偏好信息。,web,4,IBTimes,https://www.ibtimes.co.uk/fling-com-breach-passwords-sexual-preferences-40-million-users-sale-dark-web-1558711,,207
MySpace,164000000 ,2016,5/16,在有史以来最大的密码泄露事件之一中，3.6亿MySpace登录被窃取并以2800美元的价格出售。,web,1,Vice,https://www.vice.com/en_us/article/pgkk8v/427-million-myspace-passwords-emails-data-breach,,208
Three,130000 ,2016,11/16,欺诈者破坏了移动网络的手机升级系统，并下令在网上销售新手机。 作为违规行为的一部分，访问了客户详细信息。,telecoms,2,Three,http://www.threemediacentre.co.uk/news/2017/handsetfraud-update.aspx,,209
Red Cross Blood Service,550000 ,2016,10/16,澳大利亚捐助方的信息是通过一个承包商在网上发布的不安全数据库获得的。 信息包括“有风险的性行为”。,health,4,ABC News,http://www.abc.net.au/news/2016-10-28/red-cross-blood-service-admits-to-data-breach/7974036,,210
Telegram,15000000 ,2016,8/16,一个名为Rocket Kitten的伊朗黑客组织从Telegram窃取了数百万个电话号码，Telegrame是一家以安全性强而自豪的即时通讯服务公司。,app,1,Venture Beat,http://venturebeat.com/2016/08/02/hackers-break-into-telegram-revealing-15-million-users-phone-numbers/,,211
Dailymotion,85200000 ,2016,12/16,视频共享网站的用户的电子邮件地址和用户名被盗。 五分之一的人的密码也被泄露了。,web,1,ZDNet,http://www.zdnet.com/article/dailymotion-hack-exposes-millions-of-accounts/,,212
Weebly,43000000 ,2016,10/16,IP地址、用户名和散列密码被从web设计平台窃取。,web,4,Tech Crunch,https://techcrunch.com/2016/10/20/weebly-hacked-43-million-credentials-stolen/,,213
Interpark,10000000 ,2016,7/16,韩国警方指责朝鲜从一家购物中心的服务器上窃取个人客户数据，企图获取外币。,web,2,NY times,http://www.nytimes.com/2016/07/29/world/asia/north-korea-hacking-interpark.html,,214
Quest Diagnostics,34000 ,2016,12/16,未经授权的第三方访问的医疗数据包含姓名、出生日期和实验室结果。,health,4,Newsroom,http://newsroom.questdiagnostics.com/2016-12-12-Quest-Diagnostics-Provides-Notice-of-Data-Security-Incident#assets_129,,215
Friend Finder Network,412000000 ,2016,11/16,几乎所有在成人朋友查找器、Cams.com和Penthouse.com上使用的密码都被破解。 这些密码是加密的，但很容易破解。,web,1,ZDNet,http://www.zdnet.com/article/adultfriendfinder-network-hack-exposes-secrets-of-412-million-users/,,216
Brazzers,790724 ,2016,9/16,色情网站论坛软件中的一个漏洞泄露了数百万个帐户，其中许多帐户的登录信息与网站本身相同。,web,4,Vice,https://www.vice.com/en_us/article/vv7pgd/nearly-800000-brazzers-porn-site-accounts-exposed-in-forum-hack,,217
ClixSense,6600000 ,2016,9/16,一项付费观看广告和进行调查的服务遭到黑客攻击。 被盗信息包括地址、银行详细信息和社会安全号码。,web,5,Digital trends,http://www.digitaltrends.com/computing/clixsense-hacked/,,218
Carefirst,1100000 ,2015,5/15,黑客获取了医疗保险公司的数据库，窃取了姓名、出生日期、电子邮件地址和保险ID号。,health,1,Krebs on Security,https://krebsonsecurity.com/2015/05/carefirst-blue-cross-breach-hits-1-1m/,,219
Twitch,10000000 ,2015,3/15,在未经授权访问多个帐户后，所有用户都被迫重置密码。,health,1,Twitch,http://blog.twitch.tv/2015/03/important-notice-about-your-twitch-account/,,220
Premera,11000000 ,2015,3/15,这家健康保险公司透露，其IT系统遭到破坏，财务和医疗记录被曝光。,health,5,Computer Weekly,https://www.computerweekly.com/news/2240242508/Premera-hack-exposes-11-million-financial-and-medical-records,,221
Uber,50000 ,2015,2/15,该违规事件发生在2014年9月，披露了全美50000名司机的姓名和车牌。,"tech, app",1,TechCrunch,https://techcrunch.com/2015/02/27/uber-database-breach-exposed-information-of-50000-drivers-company-confirms/,,222
Deep Root Analytics,198000000 ,2015,12/15,一位研究人员发现了一个包含美国选民信息的不安全数据库。 它包含姓名、地址、联系方式和党派关系。,web,2,"Reuters, UpGuard",http://uk.reuters.com/article/us-usa-voters-breach-idUKKBN0UB1E020151229,https://www.upguard.com/breaches/the-rnc-files,223
Kromtech,13000000 ,2015,12/15,一位安全研究员偶然发现了一个属于Mac软件提供商的不安全数据库，其中包含用户名、电子邮件地址和密码。,web,1,BBC,https://www.bbc.co.uk/news/technology-35100330,https://www.reddit.com/r/apple/comments/3wq9fc/massive_data_breach/,224
Invest Bank,40000 ,2015,12/15,一名黑客破坏了阿联酋一家银行的系统。 他们要求300万美元的比特币赎金，以阻止推特数据的传播，这些数据主要与公司账户有关。,finance,4,Daily Dot,https://www.dailydot.com/debug/invest-bank-hacker-buba/,,225
Sanrio,3300000 ,2015,12/15,一位研究人员访问了一个数据库，其中包含Hello Kitty品牌粉丝的登录信息、密码提示和生日，其中包括许多孩子。,web,2,CSO Online,https://www.csoonline.com/article/3017171/database-leak-exposes-3-3-million-hello-kitty-fans.html,,226
VTech,6400000 ,2015,12/15,这家玩具制造商成为黑客的目标，黑客窃取了数百万儿童的私人数据，包括姓名、电子邮件地址和出生日期。,web,5,The Guardian,http://www.theguardian.com/technology/2015/dec/02/vtech-hack-us-hong-kong-investigate-children-exposed,http://www.troyhunt.com/2015/11/when-children-are-breached-inside.html,227
Hacking Team,500000 ,2015,7/15,一家向国家安全组织（包括专制政权的组织）销售数字监控软件的意大利黑客公司本身也遭到了黑客攻击，数据被放在了BitTorrent上。,web,5,The Guardian,http://www.theguardian.com/technology/2015/jul/06/hacking-team-hacked-firm-sold-spying-tools-to-repressive-regimes-documents-claim,,228
AshleyMadison.com,37000000 ,2015,7/15,婚外情在线连接网站遭到严重破坏。 个人信息和公司财务记录可能会被释放。,web,1,Krebs on Security,http://krebsonsecurity.com/2015/07/online-cheating-site-ashleymadison-hacked/,,229
US Office of Personnel Management (2nd Breach),21500000 ,2015,7/15,涉嫌与中国有联系的黑客访问了美国情报和军事人员的敏感数据，引发了对潜在勒索企图的担忧。,government,5,BBC News,http://www.bbc.co.uk/news/world-us-canada-33120405,http://www.reuters.com/article/2015/07/09/us-cybersecurity-usa-idUSKCN0PJ2M420150709?feedType=RSS&feedName=topNews&utm_source=twitter,230
US Office of Personnel Management,4000000 ,2015,6/15,黑客获得了联邦雇员的社会保障号码、工作分配、绩效评级和培训信息。,government,2,Washington Post,http://www.washingtonpost.com/world/national-security/chinese-hackers-breach-federal-governments-personnel-office/2015/06/04/889c0e52-0af7-11e5-95fd-d580f1c5d44e_story.html?tid=hpModule_04941f10-8a79-11e2-98d9-3012c1cd8d1e,,231
Australian Immigration Department,30 ,2015,3/15,一名机构员工无意中将出席20国集团布里斯班峰会的所有世界领导人的护照号码和签证详细信息发送给了亚洲杯足球赛的组织者。,government,4,The Guardian,http://www.theguardian.com/world/2015/mar/30/personal-details-of-world-leaders-accidentally-revealed-by-g20-organisers,,232
IRS,100000 ,2015,5/15,一个有组织犯罪集团利用国税局网站窃取纳税人的个人财务信息。 其中15000人被用来以他人的名义申请退款。,government,1,CNN,http://money.cnn.com/2015/05/26/pf/taxes/irs-website-data-hack/index.html,,233
MSpy,400000 ,2015,5/15,一项声称帮助人们在移动设备上进行间谍活动的服务遭到黑客攻击，暴露了电子邮件、短信、支付和位置数据。,app,2,Krebs on Security,http://krebsonsecurity.com/2015/05/mobile-spy-software-maker-mspy-hacked-customer-data-leaked/,,234
Adult Friend Finder,3900000 ,2015,5/15,在黑暗网络上发现的数据包括性别偏好、姓名、电子邮件地址、用户名、出生日期和邮政编码。 它包括前用户和当前用户的信息。,web,1,Channel 4,http://www.channel4.com/news/adult-friendfinder-dating-hack-internet-dark-web,,235
Securus Technologies,70000000 ,2015,11/15,一名匿名黑客泄露了7000多万囚犯电话记录以及录音链接，可能违反宪法保护。,web,5,The Intercept,https://theintercept.com/2015/11/11/securus-hack-prison-phone-company-exposes-thousands-of-calls-lawyers-and-clients/,,236
TalkTalk,157000 ,2015,11/15,这家电信公司的股票在黑客入侵后暴跌三分之一，暴露了15000多人的银行信息。,telecoms,2,BBC News,https://www.bbc.co.uk/news/business-34743185,http://www.bbc.co.uk/news/uk-34611857,237
Experian / T-mobile,15000000 ,2015,10/15,世界上最大的数据监控公司披露了一次大规模的数据泄露。 它披露了T-Mobile客户申请信用检查的详细信息。,telecoms,3,Reuters,http://www.reuters.com/article/2015/10/02/us-tmobile-dataprotection-idUSKCN0RV5PL20151002,,238
Slack,500000 ,2015,3/15,2015年2月的某个时候，黑客们能够仔细阅读Slack的中央数据库长达四天。 该数据库包括用户名、电子邮件地址和加密密码。,app,1,Tech Crunch,http://techcrunch.com/2015/03/27/slack-got-hacked/,,239
CarPhone Warehouse,2400000 ,2015,8/15,该漏洞暴露了姓名、地址、出生日期和银行详细信息。 约48万为TalkTalk Mobile客户； 190万是Carphone Warehouse的直接客户。,telecoms,3,The Guardian,http://www.theguardian.com/technology/2015/aug/10/carphone-warehouse-uk-data-watchdog-investigating-customer-hack,,240
British Airways,10000 ,2015,3/15,黑客访问了英国航空公司成千上万的常客账户。 航空公司在解决问题时冻结了受影响的账户。,transport,1,The Guardian,http://www.theguardian.com/business/2015/mar/29/british-airways-frequent-flyer-accounts-hacked,,241
Anthem,80000000 ,2015,2/15,对美国最大的健康保险公司之一的“复杂网络攻击”揭露了姓名、出生日期、社会保险号码、地址和就业信息。,health,2,NYTimes,https://www.nytimes.com/2015/02/05/business/hackers-breached-data-of-millions-insurer-says.html,,242
UCLA Health,4500000 ,2015,5/15,患者信息在网络上被黑客破解。 2019年，该公司达成了200万美元的集体诉讼和解。,health,4,Health IT Security,https://healthitsecurity.com/news/ucla-health-reaches-7.5m-settlement-over-2015-breach-of-4.5m,,243
Neiman Marcus,1100000 ,2014,1/14,该公司IT系统中的恶意软件泄漏了客户付款数据达数月之久。,retail,2,NY Times,http://www.nytimes.com/2014/01/24/business/neiman-marcus-breach-affected-1-1-million-cards.html,http://krebsonsecurity.com/2014/08/stealthy-razor-thin-atm-insert-skimmers/,244
AOL,2400000 ,2014,4/14,为了发送垃圾邮件，用户帐户被泄露。,web,1,NBC News,https://www.nbcnews.com/tech/security/youve-got-hacked-aol-confirms-significant-number-mail-users-hit-n91701,,245
Community Health Systems,4500000 ,2014,8/14,美国医院运营商遭遇系统漏洞，泄漏了5年的数据。 详细信息包括姓名、地址、社会保险号码。 目标：身份盗窃。,health,2,CNN,http://money.cnn.com/2014/08/18/technology/security/hospital-chs-hack/,,246
Privatization Agency of the Republic of Serbia,5190396 ,2014,12/14,公开提供了一份包含几乎所有成年塞尔维亚公民个人数据和财务文件的文本文件。,government,2,Poverenik,https://www.poverenik.rs/en/press-releases/1953-povreda-prava-na-zastitu-podataka-o-licnosti-skoro-svih-punoletnih-gradjana-srbije.html,,247
Sony Pictures,10000000 ,2014,12/14,公司持有的每一条数据都可能遭到黑客攻击，包括未发布的电影、员工社保号码和敏感的内部文件。 朝鲜怀疑。,misc,2,Buzzfeed,http://www.buzzfeed.com/tomgara/sony-hack,,248
Indiana University,146000 ,2014,2/14,2011年至2014年间就读于该大学的学生可能已经通过三个自动计算机数据挖掘应用程序访问了他们的数据。,academic,2,Indiana University,http://news.iu.edu/releases/iu/2014/02/data-exposure-disclosure.shtml,http://www.usatoday.com/story/news/nation/2014/02/26/indiana-university-data-breach/5830685/,249
Ebay,145000000 ,2014,5/14,黑客在2月底至3月初之间使用三名公司员工的登录凭证进行攻击。 然后，他们访问了一个包含所有用户记录的数据库。,web,1,Business Insider,https://www.businessinsider.com/cyber-thieves-took-data-on-145-million-ebay-customers-by-hacking-3-corporate-employees-2014-5?r=US&IR=T,,250
UPS,4000000 ,2014,8/14,在24个州的51家UPS分支机构的信用卡和借记卡处理系统中发现了恶意软件。 数据泄露长达八个月之久。,retail,3,Time,http://time.com/3151681/ups-hack/,,251
European Central Bank,4000000 ,2014,7/14,欧洲央行接到匿名电话，要求支付被盗数据的费用。 银行没有说明勒索者索要多少钱，但确实表示拒绝支付任何款项。,finance,1,City am,http://www.cityam.com/1406190300/ecb-website-hacked,,252
JP Morgan Chase,76000000 ,2014,10/14,美国最大银行的黑客攻击始于6月，但直到7月才被发现，当时黑客已获得数十台服务器的最高管理权限。,finance,3,Deal Book,http://dealbook.nytimes.com/2014/10/02/jpmorgan-discovers-further-cyber-security-issues/?_php=true&_type=blogs&_r=0,,253
New York Taxis,52000 ,2014,6/14,一项信息自由要求公布了纽约出租车一年内所有1.73亿次行程的数据。 不幸的是，这些数据没有正确匿名。,transport,1,Medium,https://medium.com/@vijayp/f6bc289679a1,,254
HSBC Turkey,2700000 ,2014,11/14,对信用卡和借记卡系统的攻击导致数字、账号、到期日期和客户姓名泄露。,finance,4,Reuters,http://www.reuters.com/article/us-hsbc-turkey-cybersecurity/hsbc-turkey-says-customer-credit-card-data-stolen-idUSKCN0IW1RR20141112,,255
Japan Airlines,750000 ,2014,9/14,日本航空公司证实，多达75万名常客计划成员的信息可能被窃取，包括姓名、出生日期、地址和工作地点。,transport,2,"WSJ, Japan Airlines",http://online.wsj.com/articles/japan-airlines-reports-hacker-attack-1412053828,http://www.jal.co.jp/en/info/other/140924.html,256
Staples,1160000 ,2014,12/14,销售点系统感染了恶意软件。 窃贼可能利用它窃取客户姓名、支付卡号、到期日期和卡验证码。,retail,3,Fortune,http://fortune.com/2014/12/19/staples-cards-affected-breach/,,257
GMail,5000000 ,2014,9/14,账户详细信息和密码发布在俄罗斯比特币论坛上。 仔细检查发现用户的详细信息是旧的（3年以上）。 Gmail本身没有被黑客攻击。,web,1,The Next Web,http://thenextweb.com/google/2014/09/10/4-93-million-gmail-usernames-passwords-published-google-says-evidence-systems-compromised/,,258
Home Depot,56000000 ,2014,9/14,2200家商店收银机系统上安装的恶意软件通过手机发送多达5600万客户的信用卡详细信息，然后在线销售。,retail,3,Krebs on Security,http://krebsonsecurity.com/2014/09/banks-credit-card-breach-at-home-depot/,,259
Korea Credit Bureau,20000000 ,2014,1/14,一名员工被指控在担任临时顾问期间窃取三家信用卡公司客户的数据。,finance,5,Security Week,http://www.securityweek.com/20-million-people-fall-victim-south-korea-data-leak,,260
Dominios Pizzas (France),600000 ,2014,6/14,黑客要求赎金30000欧元( ￡ 在窃取了其60多万法国和比利时客户的个人数据后。,retail,1,The Guardian,http://www.theguardian.com/technology/2014/jun/16/dominos-pizza-ransom-hack-data,,261
Mozilla,76000 ,2014,8/14,“数据清理”过程失败后，Mozilla的开发者社区收到了电子邮件地址和加密密码意外泄漏的警报。,web,2,The Guardian,http://www.theguardian.com/technology/2014/aug/05/mozilla-leak-developer-email-addresses-passwords-firefox,,262
Massive American business hack,160000000 ,2013,7/13,七年多以来，一个黑客团伙一直以银行、支付处理器和连锁店为目标，窃取1.6亿多个信用卡和借记卡号码。,finance,5,Technology Review,https://www.technologyreview.com/s/517551/prosecutors-describe-massive-breach-of-credit-card-data/,,263
"Affinity Health Plan, Inc.",344579 ,2013,8/13,一台租用的用于复印健康记录的复印机在归还前未将其硬盘擦干净，从而暴露了个人数据。,health,4,Proskauer,https://privacylaw.proskauer.com/2013/08/articles/identity-theft/a-1-2-million-photocopier-mistake-health-plan-settles-with-hhs-in-hipaa-breach-case/,,264
Citigroup,150000 ,2013,7/13,该银行在将法庭记录放在可公开访问的系统上之前，未能对其进行编辑。 2007-2011年破产客户的个人信息被曝光。,finance,2,Softpedia,http://news.softpedia.com/news/Citi-Exposes-Details-of-150-000-Individuals-Who-Went-into-Bankruptcy-369979.shtml,,265
Tianya,40000000 ,2013,7/13,中国最大的在线论坛证实，4000万用户的私人信息早在2011年就被泄露了。,web,1,"Computer World, Hacker News","http://www.scmagazine.com.au/News/349585,28-million-clear-text-passwords-found-after-tianya65279-hack.aspx",https://thehackernews.com/2011/12/tianya-chinas-biggest-online-forum-40.html,266
Scribd,500000 ,2013,4/13,一个自称“世界上最大的在线图书馆”的网站遭到黑客攻击。 1%的用户密码泄露。,web,1,"Naked Security, NBC News",http://nakedsecurity.sophos.com/2013/04/05/scribd-worlds-largest-online-library-admits-to-network-intrusion-password-breach/,http://www.nbcnews.com/technology/scribd-hack-exposes-thousands-users-1B9239618,267
Living Social,50000000 ,2013,4/13,黑客获得了亚马逊旗下5000万在线服务网站用户的姓名、电子邮件地址、出生日期和加密密码。,web,1,"Naked Security, New York Times",http://nakedsecurity.sophos.com/2013/04/27/livingsocial-hacked-50-million-affected/,http://bits.blogs.nytimes.com/2013/04/26/living-social-hack-exposes-data-for-50-million-customers/,268
Yahoo,550000000 ,2013,12/16,2013年的一次袭击最终在2016年被披露。被盗数据包括姓名、电话号码、出生日期、密码和安全问题。,web,2,"NY Times, BBC",http://www.nytimes.com/2016/12/14/technology/yahoo-hack.html?action=Click&contentCollection=BreakingNews&contentID=64651831&pgtype=Homepage&_r=0,https://www.bbc.co.uk/news/business-41493494,269
SnapChat,4600000 ,2013,1/14,黑客利用漏洞窃取用户名和电话号码，然后将其发布在网上。,"web, tech",2,BBC News,https://www.bbc.co.uk/news/technology-25572661,,270
University of Delaware,74000 ,2013,8/13,特拉华大学过去和现在雇员的机密个人信息在软件漏洞被利用时被盗。,academic,2,University of Delaware,http://www1.udel.edu/udaily/2014/jul/resources073013.html,,271
Central Hudson Gas & Electric,110000 ,2013,2/13,当属于能源供应商的系统遭到黑客攻击时，可能已经访问了客户银行信息和其他个人信息。,misc,3,eSecurity Planet,https://www.esecurityplanet.com/network-security/central-hudson-gas-and-electric-hacked.html,,272
Twitter,250000 ,2013,2/13,Java漏洞使黑客能够访问某些用户信息，包括用户名、电子邮件地址、会话令牌和加密/加密密码版本。,web,1,CNN,https://edition.cnn.com/2013/02/01/tech/social-media/twitter-hacked/index.html,,273
"Crescent Health Inc., Walgreens",100000 ,2013,2/13,一台被盗笔记本电脑暴露了包括姓名、社会安全号码、健康保险信息、出生日期、诊断和其他医疗信息在内的私人数据。,health,4,Healthcare IT News,https://www.healthcareitnews.com/news/walgreens-company-announces-data-breach,,274
Florida Department of Juvenile Justice,100000 ,2013,1/13,一台载有青年和就业记录的移动设备被盗，使10万年轻人面临身份被盗的潜在风险。,government,2,Data Breaches,https://www.databreaches.net/stolen-florida-dept-of-juvenile-justice-device-contained-records-of-more-than-100000-youth-and-employees/,,275
Advocate Medical Group,4000000 ,2013,8/13,四台未加密的电脑从医疗服务提供商的办公室被盗。 4000000名患者姓名、地址、出生日期和社会保障号码被曝光。,health,2,Health IT Security,http://healthitsecurity.com/2013/08/27/advocate-medical-group-endures-massive-data-breach/,,276
OVH,200000 ,2013,7/13,一名黑客进入了一个电子邮件帐户，从那里他们可以危害公司的内部系统。 欧洲客户数据库被曝光。,web,2,OVH,http://status.ovh.net/?do=details&id=5070,,277
Apple,275000 ,2013,7/13,苹果的开发者门户遭到黑客攻击。 关于275000名第三方开发商的“部分”信息可能被窃取。,"tech, web",1,The Guardian,http://www.guardian.co.uk/technology/2013/jul/22/apple-developer-site-hacked,,278
NASDAQ,500000 ,2013,7/13,网络犯罪分子以纳斯达克在线论坛为目标，窃取电子邮件地址和密码。,finance,1,Reuters,https://uk.reuters.com/article/net-us-nasdaq-cybercrime-website/nasdaq-forum-website-hacked-passwords-compromised-idUSBRE96H1F520130718,,279
UbiSoft,58000000 ,2013,7/13,这家视频游戏出版商透露，用户名、电子邮件地址和加密密码被“非法访问”。,gaming,2,BBC News,https://www.bbc.co.uk/news/technology-23159997,,280
Ubuntu,2000000 ,2013,7/13,操作系统的讨论论坛遭到黑客攻击，暴露了个人详细信息和弱散列密码。,"tech, web",3,Ars Technica,http://arstechnica.com/security/2013/07/hack-exposes-e-mail-addresses-password-data-for-2-million-ubuntu-forum-users/,,281
Nintendo,4000000 ,2013,6/13,任天堂俱乐部（Club Nintendo）日本会员的姓名、电话号码、家庭住址和电子邮件地址在网站遭到破坏后被盗。,gaming,2,ZDNet,https://www.zdnet.com/article/club-nintendo-site-hacked-customer-data-exposed/,,282
National Security Agency,1500000 ,2013,6/13,夏威夷情报承包商爱德华・斯诺登（Edward Snowden）下载了多达150万份文件。 随后，他飞往香港会见记者格伦・格林沃尔德和劳拉・波特拉斯，然后逃往莫斯科。,government,5,Business Insider,http://uk.businessinsider.com/snowden-leaks-timeline-2016-9,,283
Facebook,6000000 ,2013,6/13,通过使用网络的“下载信息”工具，一些Facebook成员能够访问陌生人的电话号码和电子邮件地址。,web,1,Facebook,https://www.facebook.com/notes/facebook-security/important-message-from-facebooks-white-hat-program/10151437074840766,,284
Evernote,50000000 ,2013,3/13,在发现未经授权访问个人信息后，Evernote要求所有用户重置密码。,web,1,"Wired, Digital Trends",http://www.wired.co.uk/news/archive/2013-03/04/evernote-hacked,http://www.digitaltrends.com/mobile/evernote-hack-50-million-users-forced-to-reset-passwords/,285
Kirkwood Community College,125000 ,2013,4/13,黑客访问了与2006年2月至2013年3月之间的申请相关的数据，包括姓名、出生日期、种族、联系信息和社会安全号码。,academic,2,eSecurity Planet,https://www.esecurityplanet.com/hackers/kirkwood-community-college-hacked.html,,286
Yahoo Japan,22000000 ,2013,5/13,在雅虎检测到未经授权试图访问其雅虎日本门户网站的管理系统后，可能有2200万雅虎用户ID被泄露。,"tech, web",1,Reuters,https://www.reuters.com/article/us-yahoojapan/yahoo-japan-suspects-22-million-user-ids-leaked-kyodo-idUSBRE94G0P620130517,,287
Drupal,1000000 ,2013,5/13,恶意文件被放置在内容管理平台的服务器上。 他们公开了用户名、电子邮件地址和加密哈希密码。,web,1,Ars Technica,http://arstechnica.com/security/2013/05/drupal-org-resets-login-credentials-after-hack-exposes-password-data/,,288
TerraCom & YourTel,170000 ,2013,5/13,记者在一台可公开访问的服务器上发现了超过17万名客户的个人数据。 可笑的是，这些公司给记者打上了“黑客”的烙印。,telecoms,2,"Boing Boing, Wired",http://boingboing.net/2013/05/23/terracom-and-yourtel-threaten.html,http://www.wired.co.uk/news/archive/2013-05/23/reporter-google-breach-hacker,289
Washington State court system,160000 ,2013,5/13,黑客利用旧服务器软件的弱点，可能已经访问了社会安全号码和一百万个驾照号码。,government,2,"Reuters, Privacy Rights",https://www.reuters.com/article/us-usa-hack-washingtonstate-idUSBRE9480YY20130509,http://www.privacyrights.org/data-breach,290
MacRumours.com,860000 ,2013,11/13,黑客登录了论坛上的一个版主帐户，然后可以升级权限。 建议所有用户更改密码。,web,1,Wired,http://www.wired.co.uk/news/archive/2013-11/13/mac-rumours-forums-hacked,,291
Court Ventures,200000000 ,2013,10/13,24岁的越南国民Hieu Minh Ngo在自己的卧室里经营身份盗窃服务。 他与益百利达成的一项协议使他能够访问美国公民的个人和财务数据。,finance,2,"NY Times, Gov Tech",https://krebsonsecurity.com/2014/03/experian-lapse-allowed-id-theft-service-to-access-200-million-consumer-records/,http://www.govtech.com/security/San-Diego-Sues-Experian-Over-Alleged-2010-Breach.html,292
Vodafone,2000000 ,2013,9/13,该公司的一名IT承包商利用其对电信巨头系统的访问权窃取客户的详细信息，包括银行帐号和分类代码。,telecoms,3,Security Week,http://www.securityweek.com/attacker-steals-data-2-million-vodafone-germany-customers,,293
Adobe,38000000 ,2013,10/13,黑客获取了大量Adobe客户ID、加密密码和敏感信息，包括加密的信用卡和借记卡号码。 加上源代码。,tech,3,Adobe,https://www.bbc.co.uk/news/technology-24740873,,294
"D&B, Altegrity",1000000 ,2013,9/13,黑客窃取了美国多家大型数据代理的数百万社会安全号码，意图窃取身份。,tech,3,USA Today; Reuters,http://www.usatoday.com/story/cybertruth/2013/09/26/lexisnexis-dunn--bradstreet-altegrity-hacked/2878769/,http://www.reuters.com/article/2013/09/26/us-cyberattacks-databrokers-idUSBRE98P03220130926,295
ssndob.ms,4000000 ,2013,9/13,青少年黑客收集数据进行曝光。 su是一个收费网站，用户可以搜索名人的社保号码、生日、电话号码和地址。,web,2,Krebs on Security,http://krebsonsecurity.com/2013/09/data-broker-giants-hacked-by-id-theft-service/,,296
Target,70000000 ,2013,12/13,调查人员认为，个人数据是通过安装在Target商店刷卡机上的软件获得的。,retail,3,Huffington Post,http://www.huffingtonpost.com/2013/12/19/target-hacked-customer-credit-card-data-accessed_n_4471672.html?utm_hp_ref=mostpopular,,297
China Software Developer Network,6000000 ,2012,3/12,一名姓曾的男子因涉嫌泄露属于中国软件开发商网络（CSDN）用户的个人信息而被捕。,web,1,ZDNet,http://www.zdnet.com/blog/security/chinese-hacker-arrested-for-leaking-6-million-logins/11064,,298
Global Payments,1500000 ,2012,4/12,黑客未经授权进入支付处理公司的系统，泄露了超过100万个信用卡号码。,finance,3,Washington Post,http://www.washingtonpost.com/business/technology/faq-the-global-payments-hack/2012/04/02/gIQAIHLLrS_story.html,,299
South Carolina Government,228000 ,2012,4/12,一名男子因将医疗补助受益人的机密信息发送至其个人电子邮件地址而被捕。,health,4,The State,https://www.infosecurity-magazine.com/news/data-breach-hits-228000-south-carolina-medicaid/,,300
Three Iranian banks,3000000 ,2012,4/12,在发现伊朗银行系统存在安全漏洞后，Khosrow Zarefrand向所有受影响银行的首席执行官发送了一份正式报告。 当他们忽视他时，他窃取了300万个银行账户来证明自己的观点。,finance,5,ZD Net,http://www.zdnet.com/blog/security/3-million-bank-accounts-hacked-in-iran/11577,,301
California Department of Child Support Services,800000 ,2012,4/12,加利福尼亚州的儿童抚养记录在一次“备灾”演习中丢失。,government,2,Business Insider,https://www.businessinsider.com/california-child-support-data-breach-2012-4?IR=T,,302
Emory Healthcare,315000 ,2012,4/12,该公司“放错”了10张包含敏感患者信息的备份光盘，包括社会安全号码。,health,4,Emory,http://news.emory.edu/stories/2012/04/ehc_missing_data/campus.html,,303
Office of the Texas Attorney General,6500000 ,2012,4/12,德克萨斯州总检察长格雷格・阿伯特（Greg Abbott）办公室错误地让律师访问了一个包含数百万社会保障号码的数据库。,government,2,Raw Story,http://www.rawstory.com/rs/2012/04/26/texas-attorney-general-exposes-millions-of-voters-social-security-numbers/,,304
Medicaid,780000 ,2012,4/12,东欧地区的黑客绕过犹他州卫生部的服务器安全，窃取医疗补助申请者的社会安全号码。,"government, health",5,Reuters,https://www.reuters.com/article/us-usa-hackers-utah/european-hackers-suspected-in-utah-medicaid-files-breach-idUSBRE83404G20120405,,305
Blizzard,14000000 ,2012,8/12,密码、电子邮件地址和个人安全答案被暴雪内部网络窃取。 暴雪不会详细说明黑客的规模（“数百万”）。,gaming,2,Forbes,https://www.forbes.com/sites/erikkain/2012/08/09/its-official-blizzard-hacked-account-information-stolen/#6dfbcdc355d1,,306
New York State Electric & Gas,1800000 ,2012,1/12,一家软件咨询公司的员工能够授权未经授权访问能源供应商的数据库。,misc,2,Data Breaches,https://www.databreaches.net/nyseg-and-rge-notify-customers-of-unauthorized-access-to-customer-data/,,307
Memorial Healthcare System,102153 ,2012,4/12,一年多以来，附属医生办公室的一名员工通过门户网站访问患者信息：姓名、出生日期和社会保险号。,health,2,Modern Healthcare,https://www.databreaches.net/more-breaches-you-may-not-have-known-about/,,308
Zappos,24000000 ,2012,1/12,这家亚马逊拥有的电子商务公司成为其内部网络的网络攻击目标，暴露了其姓名、电子邮件地址、电话号码、地址和加密密码。,web,2,Forbes,http://www.forbes.com/sites/andygreenberg/2012/01/15/zappos-says-hackers-accessed-24-million-customers-account-details/,,309
Formspring,420000 ,2012,7/12,在一个安全论坛上发布了42万个哈希密码。 Formspring立即强制用户重置密码。,web,1,CNet,http://news.cnet.com/8301-1009_3-57469944-83/formspring-disables-user-passwords-in-security-breach/?tag=mncol;txt,,310
KT Corp.,8700000 ,2012,7/12,两名嫌犯通过向韩国第二大移动电话网络销售870万用户的联系信息和计划详情，估计赚得877000美元。,telecoms,2,"Korea Times, CNet",http://www.koreatimes.co.kr/www/news/biz/2012/07/113_116143.html,http://news.cnet.com/8301-1009_3-57482215-83/hackers-accused-of-stealing-data-from-9m-korean-mobile-users/,311
Yahoo Voices,450000 ,2012,7/12,被认为与雅虎语音服务相关的用户名和密码在被数据库黑客访问后被转储到网上。,"tech, web",1,Slashdot,https://www.helpnetsecurity.com/2012/07/12/nearly-half-a-million-yahoo-passwords-leaked-following-hack/,,312
Last.fm,43500000 ,2012,9/16,用户名、电子邮件地址和其他内部记录，如通讯注册和广告相关数据，在2012年的一次黑客攻击中被盗。,web,1,ZD Net,http://www.zdnet.com/article/hackers-stole-43-million-last-fm-account-details-in-2012-breach/,https://www.zdnet.com/article/last-fm-investigating-security-issue-passwords-leaked/,313
"LinkedIn, eHarmony, Last.fm",8000000 ,2012,6/12,黑客“dwdm”向俄罗斯黑客论坛上传了一个包含650万密码的文件。 不久之后，在论坛的另一个文件中又发现了150万个密码。,web,1,Cnet,http://news.cnet.com/8301-1009_3-57449325-83/what-the-password-leaks-mean-to-you-faq/?tag=mncol;txt,,314
Gamigo,8000000 ,2012,7/12,游戏网站Gamigo向用户发出黑客入侵警告4个月后，网站上发布了800多万个用户名、电子邮件和加密密码。,web,1,Forbes,http://www.forbes.com/sites/andygreenberg/2012/07/23/eight-million-passwords-spilled-from-gaming-site-gamigo-months-after-breach/,,315
Militarysingles.com,163792 ,2012,3/12,黑客组织LulzSec发布了一个包含163792名“单身”军人姓名、用户名、电子邮件地址、IP地址和密码的数据库。,"web, military",1,PC World,http://www.pcworld.com/article/252647/reborn_lulzsec_claims_hack_of_dating_site_for_military_personnel.html,,316
"""Apple""",12367232 ,2012,3/12,数以百万计的苹果独特设备标识符（UDID）在网上泄露。 一个黑客组织声称，它曾对一台FBI笔记本电脑进行黑客攻击，但一家名为BlueToad的软件公司被发现是黑客来源。,"tech, retail",2,CNET,http://news.cnet.com/8301-1009_3-57505330-83/antisec-claims-to-have-snatched-12m-apple-device-ids-from-fbi/,http://news.cnet.com/8301-1009_3-57509595-83/udid-leak-source-idd-bluetoad-mobile-firm-says-it-was-hacked/,317
Greek government,9000000 ,2012,11/12,希腊一名电脑程序员因涉嫌窃取该国83%人口的身份信息而被捕。 这名35岁的男子被怀疑试图将其出售。,government,2,Wired,http://www.wired.co.uk/news/archive/2012-11/22/greece-id-theft,,318
South Carolina State Dept. of Revenue,3600000 ,2012,10/12,一个包含社会安全号码和信用卡数据的服务器被一名国际黑客入侵。,government,1,Information Week,http://www.infoworld.com/article/2615754/cyber-crime/south-carolina-reveals-massive-data-breach-of-social-security-numbers--credit-cards.html,,319
Dropbox,68700000 ,2012,8/16,用户凭证在2012年的一次黑客攻击中被盗，但受影响的数字直到四年后才曝光。 Dropbox重置自2012年以来未更改的所有密码。,web,1,The Telegraph,https://www.bbc.co.uk/news/technology-37232635,,320
New York City Health & Hospitals Corp.,1700000 ,2011,2/11,纽约供应商的电脑备份磁带在一辆卡车上被盗，卡车正在将它们运送到一个安全的存储位置。,health,4,InfoRisk,https://www.inforisktoday.com/new-york-breach-affects-17-million-a-3349,,321
"Seacoast Radiology, PA",231400 ,2011,1/11,电脑玩家入侵了一台服务器，以寻求更多带宽来玩《使命召唤》。 在此过程中，他们获得了23万多名患者的个人记录。,health,2,Fosters,http://www.fosters.com/apps/pbcs.dll/article?AID=/20110120/GJNEWS_01/701209744,,322
"South Shore Hospital, Massachusetts",800000 ,2011,9/11,南岸医院雇佣了一名承包商来销毁不再使用的文件。 这家公司丢失了货物。 它包含社会保险号码、医疗记录和银行详细信息。,health,5,Boston Globe,https://www.infosecurity-magazine.com/news/south-shore-hospital-data-breach-may-affect-up-to/,,323
Betfair,2300000 ,2011,5/11,Betfair等了18个月才报告其在线赌博网站遭到破坏，这让银行机构和安全专家感到震惊。 违规行为涉及用户名、地址和帐户详细信息。,web,3,FT,https://www-ft-com.libezproxy.open.ac.uk/content/819f5b1c-eb80-11e0-a576-00144feab49a,,324
"Ankle & foot Center of Tampa Bay, Inc.",156000 ,2011,1/11,姓名、社会安全号码、出生日期、家庭地址、帐号、医疗服务和诊断信息都被黑客入侵。,health,4,Phi Privacy,https://www.databreaches.net/ankle-foot-center-of-tampa-bay-breach-affecting-156000-included-social-security-numbers-as-well-as-phi/,,325
Yale University,43000 ,2011,8/11,这所大学43000名附属人员的姓名和社会保障号码在谷歌上公开发布了10个月。,academic,2,NBC News,http://www.nbcnews.com/id/44235153/ns/technology_and_science-security/t/data-breach-hits-yale-university/,,326
Morgan Stanley Smith Barney,34000 ,2011,7/11,摩根士丹利向纽约州税务和财政部邮寄了两份载有投资者敏感数据的CDR。 当它到达相关的服务台时，CD不见了。,finance,3,ABC News,https://abcnews.go.com/Business/morgan-stanley-smith-barney-breach-losing-client-data/story?id=14008632,,327
State of Texas,3500000 ,2011,4/11,350万条记录意外地在网上发布，包括人们的姓名、邮寄地址和社会安全号码。 他们在那里呆了一年。,government,2,Dallas News,https://uk.pcmag.com/news/105457/texas-security-breach-exposes-35m-records,,328
Epsilon,3000000 ,2011,4/11,Barclaycard US、Capital One、JP Morgan、Citigroup和其他公司的客户姓名和电子邮件地址因电子邮件系统漏洞而被盗。,web,1,Guardian,https://www.theguardian.com/technology/2011/apr/04/epsilon-email-hack,,329
Sony PSN,77000000 ,2011,4/11,索尼度过了非常不愉快的一年，他们的第三次违规行为导致索尼PSN和Qriocity用户账户的76000000次违规。 他们离线23天。,gaming,1,Mashable,https://blog.playstation.com/archive/2011/04/28/playstation-network-and-qriocity-outage-faq/,,330
US Law Enforcement,123461 ,2011,8/11,“反安全”黑客从70个不同的美国执法机构发布了大量个人信息。,government,3,PC World,"http://www.pcmag.com/article2/0,2817,2390683,00.asp",,331
University of Wisconsin - Milwaukee,73000 ,2011,8/11,数据库服务器上的恶意软件攻击暴露了过去和现在学生和员工的姓名和社会安全号码。,academic,2,ZDNet,https://www.zdnet.com/article/university-of-wisconsin-hacked-75000-social-security-numbers-student-names-exposed/,,332
Stratfor,935000 ,2011,12/11,黑客集体匿名组织公布了他们声称的Stratfor的机密客户名单，以及信用卡详细信息和密码。 事实上，这是Stratfor在线出版物的订户名单。,military,3,NYTimes,https://www.nytimes.com/2011/12/26/technology/hackers-breach-the-web-site-of-stratfor-global-intelligence.html?ref=technology&mtrref=bits.blogs.nytimes.com&gwh=A41315BCE5C521B2A0D451BEFF0886E9&gwt=pay,,333
Chinese gaming sites,10000000 ,2011,12/11,几家中国主要游戏网站遭到黑客攻击，侵犯了数百万用户记录。,web,1,eHacking News,http://www.ehackingnews.com/2011/12/hackers-compromised-38-million-chinese.html,,334
Southern California Medical-Legal Consultants,300000 ,2011,6/11,包含约30万名申请工人补偿福利的个人姓名和社会保险号的电子文件没有担保。,health,2,Data Breaches,https://www.databreaches.net/southern-california-medical-legal-consultants-reveals-that-300000-workers-compensation-applicants-names-and-social-security-numbers-were-exposed-on-internet/,,335
Writerspace.com,62000 ,2011,6/11,黑客组织LulzSec发布了一批隐藏的电子邮件和密码，其中12000封确认来自Writerspace.com。,web,1,PC Mag,"http://www.pcmag.com/article2/0,2817,2387186,00.asp",,336
Bethesda Game Studios,200000 ,2011,6/11,黑客组织Lulzsec声称窃取了20万用户的账户信息。,gaming,1,PC World,https://venturebeat.com/2011/06/13/lulzsec-bethesda-hack/,,337
Sega,1290755 ,2011,6/11,作为世嘉通行证系统一部分注册的信息被盗，包括姓名、出生日期、电子邮件地址和密码。,gaming,2,ZDNet,http://www.zdnet.com/blog/gamification/sega-1-3-million-customer-records-hacked-lulzsec-promises-retribution/481,,338
Citigroup,210000 ,2011,6/11,银行在线门户网站遭到破坏，约1%的Citbank卡持有者的信息遭到泄露。,finance,3,PC World,http://www.pcworld.com/article/229891/Citigroup_Hack_Nets_Over_200k_in_Stolen_Customer_Details.html,,339
Sony Pictures,1000000 ,2011,6/11,LulzSec黑客集体访问了未加密的用户信息。 他们声称，他们没有足够的资源来窃取他们能够获得的一切。,web,1,Mashable,http://mashable.com/2011/06/02/sony-pictures-hacked/,,340
Accendo Insurance Co.,175350 ,2011,6/11,误寄的信件允许通过信封窗口看到一些敏感信息行（药物名称、出生日期和会员ID）。,health,2,Data Breaches,http://www.databreaches.net/?p=19198,,341
Washington Post,1270000 ,2011,7/11,未知黑客闯入《华盛顿邮报》的求职网站，窃取用户ID和电子邮件地址。,misc,2,PC Mag,"http://www.pcmag.com/article2/0,2817,2388200,00.asp",,342
Health Net - IBM,1900000 ,2011,3/11,加利福尼亚州的IBM数据中心丢失了多达九个包含前员工和现任员工个人信息的服务器驱动器。,health,3,IEEE Spectrum,https://spectrum.ieee.org/riskfactor/computing/it/health-net-data-breaches-affects-19-million-people,,343
Eisenhower Medical Center,514330 ,2011,4/11,一台从医院被盗的电脑里有病人的姓名、年龄、出生日期、病历号和社会保险号的最后四位数字。,health,4,Data Breach Info,http://databreachinvestigation.blogspot.com/2011/04/thief-gets-away-with-eisenhower-medical.html,,344
Spartanburg Regional Healthcare System,400000 ,2011,5/11,一台从员工车上被盗的电脑包含一个密码保护文件，其中包含社会保险号码、姓名、地址、出生日期和医疗账单代码。,health,4,GoUpstate,https://www.inforisktoday.com/400000-affected-by-stolen-pc-a-3853,,345
NHS,8600000 ,2011,6/11,一台装有800万患者未加密记录的笔记本电脑在NHS储藏室丢失，直到3周后才被报告。,health,4,Alphr,https://www.alphr.com/news/security/368062/nhs-loses-laptop-holding-8m-patient-records,,346
San Francisco Public Utilities Commission,180000 ,2011,6/11,存储客户数据的服务器被发现A）不安全，b）感染了病毒。,government,1,CNET,http://news.cnet.com/8301-27080_3-20068386-245/sf-utilities-agency-warns-of-potential-breach/,,347
Sony Online Entertainment,24600000 ,2011,5/11,黑客可能从奥地利、德国、荷兰和西班牙的账户中获取个人信息，包括12000多个信用卡账户和10000个银行账户。,gaming,3,Computer Weekly,https://privacyrights.org/data-breaches/sony-playstation-network-psn-sony-online-entertainment-soe,,348
Honda Canada,283000 ,2011,5/11,名称、地址和车辆识别号取自两家公司的电子商务网站myHonda和myAcura,retail,2,Guelph Mercury,http://www.guelphmercury.com/news-story/2200845-honda-canada-hit-by-online-security-breach-283-000-car-owners-personal-data-stolen/,,349
Massachusetts Government,210000 ,2011,5/11,超过1500台部门计算机感染了恶意软件，该软件“下载更多文件，窃取信息，并在受损计算机上打开后门”。,government,5,NBC News,http://www.nbcnews.com/id/43086769/ns/technology_and_science-security/t/huge-data-breach-puts-risk/#.XAfhPhP7TUI,,350
Oregon Department of Motor Vehicles,1000000 ,2011,5/11,警探逮捕了蒂姆・努斯，因为他访问了俄勒冈州机动车辆部门的旧数据库，其中包括登记人员的姓名、地址、出生日期、性别和年龄。,government,2,Data Breaches,https://www.databreaches.net/or-deputies-man-used-dmv-database-in-id-theft/,,351
Steam,35000000 ,2011,11/11,攻击者使用论坛黑客的登录信息访问包含用户名、加密密码和信用卡信息、游戏购买和账单地址的数据库。,web,3,SC Mag,http://www.bbc.co.uk/news/technology-15690187,,352
Restaurant Depot,200000 ,2011,11/11,2011年11月。据推测是从俄罗斯运营的网络骗子侵入了餐厅仓库数据库，并访问了信用卡和借记卡的详细信息。,retail,3,NBC News,https://www.finextra.com/newsarticle/23243/restaurant-depot-hacked-by-russian-cyber-criminals,,353
Nexon Korea Corp,13200000 ,2011,11/11,在线游戏《枫叶故事》订阅者的个人数据被泄露，随后又被泄露。,web,2,Reuters,https://uk.reuters.com/article/us-korea-hacking-nexon/data-of-13-million-south-korean-online-game-subscribers-hacked-idUSTRE7AP09H20111126,,354
Nemours Foundation,1600000 ,2011,10/11,佛罗里达州一家负责运营儿童医院的医疗服务提供商丢失了三盘数据备份磁带，其中包含了价值10年的信息。,health,4,Law360,https://www.law360.com/articles/277961/nemours-says-data-breach-affected-1-6m-patients,,355
Sutter Medical Foundation,4243434 ,2011,11/11,一台被盗的笔记本电脑上有一个数据库，上面有姓名、地址、出生日期、电话号码、电子邮件地址、医疗记录号码和健康保险计划。,health,2,Trend Micro,https://blog.trendmicro.com/sutter-health-sued-for-1-billion-following-data-breach/,,356
Tricare,4901432 ,2011,9/11,载有约460万现役和退休军事人员及其家属信息的备份磁带在圣安东尼奥一家数据承包商的汽车上被盗。,"military, health",4,Reuters,http://www.reuters.com/article/us-data-breach-texas-idUSTRE78S5JG20110929,,357
"AvMed, Inc.",1220000 ,2010,2/10,两台载有姓名、地址、出生日期、社会安全号码和健康相关信息的公司笔记本电脑在盖恩斯维尔的AvMed设施被盗。,health,2,Hack Notice,https://www.databreachtoday.com/avmed-sued-over-laptop-breach-a-3111,,358
Blue Cross Blue Shield of Tennessee,1023209 ,2010,5/10,一名小偷从查塔努加BlueCross呼叫中心的壁橱里偷走了57个未加密的硬盘。,health,2,Data Breaches,https://www.databreaches.net/bcbs-of-tenn-breach-lessons-learned/,,359
US Military,260000 ,2010,11/10,维基解密大使馆电缆，包含来自全球250多个大使馆和领事馆的超过1/4的邮件。,military,5,Guardian,http://www.guardian.co.uk/news/datablog/2010/nov/29/wikileaks-cables-data,,360
Gawker.com,1500000 ,2010,12/10,臭名昭著的网站遭到了黑客攻击。 源代码以及150万用户名、电子邮件和密码被盗。,web,2,Guardian,http://www.guardian.co.uk/technology/2010/dec/13/gawker-hackers-passwords-twitter-wikileaks?INTCMP=SRCH,http://www.mediaite.com/online/gawker-medias-entire-commenter-database-appears-to-have-been-hacked/,361
"Triple-S Salud, Inc.",398000 ,2010,11/10,一名竞争对手未经授权访问了该医疗保健公司网站的限制区域，泄露了客户信息。,health,4,Data Breaches,https://www.databreaches.net/puerto-rico-dept-of-health-reports-breach-affecting-400000-triple-s-salud-fined-100k/,,362
Ohio State University,760000 ,2010,12/10,违规行为影响了现任和前任学生。 这使该大学花费了400万美元，用于调查咨询、违约通知和信用担保。,academic,2,The Lantern,https://www.thelantern.com/2010/12/hacked-data-breach-costly-for-ohio-state-victims-of-compromised-info/,,363
"Emergency Healthcare Physicians, Ltd.",180111 ,2010,5/10,一个被盗的便携式硬盘包含2003年至2006年的记录，包括患者姓名、收件人、电话号码、出生日期和社会保险号码。,health,4,Healthcare Info Security,http://www.healthcareinfosecurity.com/chicago-breach-affects-180000-a-2496,,364
Colorado government,105470 ,2010,7/10,州政府官员发现，科罗拉多州信息技术办公室（OfficeofInformationTechnology）的一台电脑硬盘被未经授权移除，其中包含健康保险信息。,health,2,Data Breaches,http://www.databreaches.net/?p=12611,,365
AT&T,114000 ,2010,6/10,iPad 3G用户的详细信息，被认为包括白宫办公厅主任拉姆・伊曼纽尔（Rahm Emanuel）的信息，被AT&T网站窃取。,telecoms,1,Guardian,http://www.guardian.co.uk/technology/2010/jun/10/apple-ipad-security-leak?INTCMP=SRCH,,366
Lincoln Medical & Mental Health Center,130495 ,2010,6/10,在联邦快递运输途中丢失了七张CD后，受保护的健康信息被曝光。,health,4,Alert Boot,https://www.pcworld.idg.com.au/article/351659/new_york_hospital_loses_data_130_000_via_fedex/,,367
Educational Credit Management Corp,3300000 ,2010,3/10,美国教育部的一名承包商偷走了一台包含学生贷款记录的设备。 违约行为影响了全国5%的联邦学生贷款借款人。,finance,2,Wall Street Journal,https://www.wsj.com/articles/SB10001424052702304434404575150024174102954,,368
US Federal Reserve Bank of Cleveland,400000 ,2010,11/10,2010年11月。一名马来西亚男子被指控侵入美国主要公司，盗取40万个信用卡和借记卡帐号。,finance,3,Bank Info Security,https://www.bankinfosecurity.com/cleveland-federal-reserve-hacked-a-3115,,369
Classified Iraq War documents,392000 ,2010,10/10,维基解密在其网站上发布了伊拉克战争机密文件。,government,2,Forbes,http://www.forbes.com/sites/andygreenberg/2010/10/22/wikileaks-reveals-the-biggest-classified-data-breach-in-history/,,370
Heartland,130000000 ,2009,1/9,键盘记录恶意软件导致了大规模数据泄露。 Heartland最终向Visa、MasterCard、American Express和其他信用卡协会支付了1.1亿多美元，以解决索赔问题。,finance,3,Dark Reading,https://www.darkreading.com/attacks-and-breaches/heartland-payment-systems-hit-by-data-security-breach/d/d-id/1075770,,371
US National Guard,131000 ,2009,12/9,一名陆军卫队承包商拥有的个人笔记本电脑被盗。 它包含一个数据库，包括姓名、社会保险号码、奖励付款金额和付款日期。,military,2,CNN,http://edition.cnn.com/2009/US/12/17/theft.security.breach/index.html,,372
RockYou!,32000000 ,2009,12/9,该网站不允许用户在密码中使用特殊字符或标点符号，也不允许用户以明文形式通过电子邮件发送用户密码。 黑客利用了这些安全漏洞。,"web, gaming",1,Tech Crunch,http://techcrunch.com/2009/12/14/rockyou-hack-security-myspace-facebook-passwords/,,373
CheckFree Corporation,5000000 ,2009,1/9,犯罪分子控制了支付服务的域名。 他们将流量重定向到一个乌克兰网络服务器，该服务器使用恶意软件在受害者的计算机上安装了一个密码窃取程序。,finance,1,Computer World,https://www.computerworld.com/article/2530152/checkfree-warns-5-million-customers-after-hack.html,,374
Network Solutions,573000 ,2009,7/9,电子商务网站受到恶意代码的大规模感染，导致数千张借记卡和信用卡遭到破坏。,web,3,Washington Post,http://voices.washingtonpost.com/securityfix/2009/07/network_solutions_hack_comprom.html,,375
Virginia Prescription Monitoring Program,531400 ,2009,5/9,一个包含800万患者记录和3500万处方记录的数据库的处方网站遭到黑客攻击。 黑客要求1000万美元的赎金。,health,2,Digital Health,https://www.digitalhealth.net/2009/05/virginia-department-of-health-hacked/,,376
University of California Berkeley,160000 ,2009,5/9,攻击者访问了该大学健康中心的一台计算机。 现任学生和校友的个人信息被盗。,academic,3,Cnet,https://www.cnet.com/news/uc-berkeley-computers-hacked-160000-at-risk/,,377
Health Net,1500000 ,2009,11/9,一个装有七年个人和医疗信息的便携式硬盘在被报告前丢失了六个月。,health,4,Computer World,https://www.computerworld.com/article/2521838/security0/health-net-says-1-5m-medical-records-lost-in-data-breach.html,,378
US Military,76000000 ,2009,10/9,美国国家档案管理局（National Archives And Records Administration）发送了一个有缺陷的未加密硬盘进行修复和回收。 它保存了追溯到1972年的7600万退伍军人的详细记录。,military,2,Wired,http://www.wired.com/threatlevel/2009/10/probe-targets-archives-handling-of-data-on-70-million-vets/,,379
Compass Bank,1000000 ,2008,3/8,2007年5月至7月，一名前员工盗取了一个包含100万账户详细信息的硬盘，然后用它诈骗了近3.2万美元的客户。,finance,3,Computer Weekly,https://www.computerworld.com/article/2536195/programmer-who-stole-drive-containing-1-million-bank-records-gets-42-months.html,,380
Hannaford Brothers Supermarket Chain,4200000 ,2008,3/8,当支付数据被黑客拦截时，估计有420万信用卡和借记卡号码被盗。,retail,3,NetworkWorld,https://www.networkworld.com/article/2284998/lan-wan/details-emerging-on-hannaford-data-breach.html,,381
University of Miami,2100000 ,2008,4/8,在一辆将数据运送至场外设施的货车上，六盘来自医学院的备份磁带被盗，其中包含200多万份医疗记录。,academic,3,Identity Theft,https://www.computerworld.com/article/2536837/thieves-pilfer-backup-tapes-holding-2m-medical-records.html,,382
BNY Mellon Shareowner Services,4500000 ,2008,5/8,一家归档供应商丢失了一盒包含敏感信息的数据存储磁带。,finance,1,Reuters,https://www.reuters.com/article/us-mellon-breach-idUSN2143343820080521,,383
Countrywide Financial Corp,2500000 ,2008,8/8,一名高级金融分析师因承认将数百万借款人文件下载到U盘并出售信息而被判处8个月监禁。,finance,2,LATimes,https://www.networkworld.com/article/2274502/security-oversight-may-have-enabled-countrywide-breach.html,,384
UK Home Office,84000 ,2008,8/8,PA Consulting丢失了一个未加密的记忆棒，其中包含高风险、多发和其他犯罪者的详细信息。 经过询问，该公司终止了合同。,government,2,Wikipedia,http://news.bbc.co.uk/1/hi/uk_politics/7608155.stm,,385
RBS Worldpay,1500000 ,2008,12/8,黑客入侵了RBS Worldpay预付卡和礼品卡。 大约100张卡上发生了实际欺诈行为。 超过100万人的个人信息被曝光。,finance,5,The Register,http://www.theregister.co.uk/2008/12/29/rbs_worldpay_breach/,,386
Auction.co.kr,18000000 ,2008,2/8,韩国最大的网上购物网站遭到一名中国黑客的攻击，该黑客盗取了用户信息和大量财务数据。,web,3,Dark Reading,https://www.darkreading.com/attacks-breaches/hacker-steals-data-on-18m-auction-customers-in-south-korea/d/d-id/1129325,,387
GS Caltex,11100000 ,2008,9/8,首尔一名办公室工作人员在垃圾堆中发现了两张载有韩国客户个人数据的多媒体光盘。 可能被员工偷走。,misc,2,The Dong-a Ilbo,http://english.donga.com/srv/service.php3?biid=2008090631088,,388
AT&T,113000 ,2008,6/8,一台装有AT&T员工未加密的社保号码和奖金/薪水信息的笔记本电脑在一辆车上被盗。,telecoms,1,NetworkWorld,https://www.networkworld.com/article/2344552/security/latest--lost--laptop-holds-treasure-trove-of-unencrypted-at-t-payroll-data.html,,389
Stanford University,72000 ,2008,6/8,一台载有数万斯坦福大学过去和现在雇员信息的笔记本电脑被盗。,academic,2,SFGate,http://www.sfgate.com/bayarea/article/Stanford-employees-data-on-stolen-laptop-3281185.php,,390
University of Utah Hospitals & Clinics,2200000 ,2008,6/8,小偷从一名员工的车上偷走了包含账单记录的备份数据磁带。 据警方报告，窃贼试图使用VHS播放机查看录像带，但未能成功。,academic,4,Salt Lake Tribune,http://archive.sltrib.com/story.php?ref=/ci_9540210,,391
Chile Ministry Of Education,6000000 ,2008,5/8,智利一名计算机黑客公布了属于600万人的机密记录，以说明政府安全的薄弱环节。,government,1,BBC News,http://news.bbc.co.uk/2/hi/americas/7395295.stm,http://www.geek.com/articles/news/government-servers-in-chile-hacked-6-million-personal-records-made-public-20080514/,392
Texas Lottery,89000 ,2008,11/8,超过89000名彩票中奖者的数据（包括姓名、社会保险号码、地址和奖金金额）未经一名前雇员的许可从该机构获取。,government,2,Houston Chronicle,https://www.chron.com/news/houston-texas/article/89-000-lottery-winners-affected-by-security-breach-1603025.php,,393
Starbucks,97000 ,2008,11/8,一台载有97000名员工私人信息的笔记本电脑被盗。 员工在联邦法院败诉之前赢得了对公司的诉讼，因为他们无法证明任何可认定的伤害。,retail,2,Info Watch,https://infowatch.com/analytics/leaks_monitoring/1304,,394
UK Ministry of Defence,1700000 ,2008,10/8,一个包含武装部队人员敏感细节的硬盘丢失了――护照和国家保险号码、银行详细信息等。 损失是在国家身份欺诈预防周期间披露的。,government,5,BBC News,http://news.bbc.co.uk/1/hi/uk_politics/7667507.stm,,395
"T-Mobile, Deutsche Telecom",17000000 ,2008,10/8,窃贼窃取了一个包含姓名、地址、手机号码以及一些出生日期和重要德国公民电子邮件地址的设备。,telecoms,1,FT,https://www.dw.com/en/telekom-says-data-from-17-million-customers-was-stolen/a-3690132,,396
Norwegian Tax Authorities,3950000 ,2008,9/8,税务机关意外地向国家报纸、电台和电视台的编辑人员发送了载有400万挪威公民2006年纳税申报单的光盘。,government,2,Info Watch,http://infowatch.com/node/1289,,397
Service Personnel and Veterans Agency (UK),50500 ,2008,9/8,包含员工个人信息的硬盘在一家高度安全的设施中被盗。,government,2,BBC News,http://news.bbc.co.uk/1/hi/england/gloucestershire/7639006.stm,,398
Monster.com,1600000 ,2007,8/7,木马病毒收集用户名、电子邮件地址、家庭地址和电话号码。 不久之后，网络钓鱼电子邮件鼓励用户下载怪物求职工具，实际上它是恶意软件。,web,2,BBC News,http://news.bbc.co.uk/1/hi/6956349.stm,,399
Driving Standards Agency,3000000 ,2007,12/7,一份载有英国驾驶理论考试考生详细信息的硬盘在美国爱荷华州被一名承包商丢失。,government,2,BBC News,http://news.bbc.co.uk/1/hi/uk_politics/7147715.stm,,400
Fidelity National Information Services,8500000 ,2007,7/7,一名员工向数据代理出售客户信息，包括姓名、地址、出生日期、银行账户和信用卡信息。,finance,3,PCWorld,http://www.pcworld.com/article/135117/article.html,,401
City and Hackney Teaching Primary Care Trust,160000 ,2007,12/7,载有儿童个人信息的磁盘被信差丢失。 这促使该机构引入磁盘加密。,government,2,Computer Weekly,https://www.computerweekly.com/news/2240104003/Hackney-NHS-trust-encrypts-IT-equipment-following-loss-of-child-data,,402
Gap Inc,800000 ,2007,9/7,一台笔记本电脑被盗，其中载有2006年7月至2007年6月在Gap商店申请职位的人的数据。,retail,2,PC World,http://www.pcworld.com/article/137865/article.html,,403
Dai Nippon Printing,8637405 ,2007,3/7,该公司的一名前承包商窃取了860万份包含客户个人数据的记录。,retail,1,Compare Business Products,https://www.comparebusinessproducts.com/fyi/15-most-massive-data-breaches-history,,404
TK / TJ Maxx,94000000 ,2007,3/7,明尼苏达州一家商店的无线网络遭到黑客攻击。 购物者信用卡和借记卡的数据被盗。,retail,3,ZD Net,http://www.zdnet.com/wi-fi-hack-caused-tk-maxx-security-breach-3039286991/,,405
JP Morgan Chase,2600000 ,2007,5/7,个人信息被误认为是垃圾，并被扔进纽约五家分公司外的垃圾袋中。,finance,3,PC World,http://www.pcworld.com/article/131453/article.html,,406
UK Revenue & Customs,25000000 ,2007,11/7,一套包含2500万儿童福利金受益人机密信息的光盘丢失。,government,1,BBC News,http://news.bbc.co.uk/2/hi/uk_news/7103911.stm,,407
TD Ameritrade,6300000 ,2007,9/7,该公司解决了一起集体诉讼，以赔偿630万名数据被黑客窃取的客户。,finance,1,"Wired, CBNC",http://www.wired.com/threatlevel/2008/07/ameritrade-hack/,https://www.cnbc.com/id/20775257,408
AOL,20000000 ,2006,8/6,AOL发布了658000名匿名用户大约2000万次网络查询的搜索数据。 没有人确切知道为什么。,web,1,Tech Crunch,http://techcrunch.com/2006/08/06/aol-proudly-releases-massive-amounts-of-user-search-data/,,409
US Dept of Vet Affairs,26500000 ,2006,7/6,退伍军人事务部同意支付2000万美元，以解决因笔记本电脑丢失而提起的集体诉讼。,"government, military",2,"GCN, US Gov",http://gcn.com/Articles/2009/02/02/VA-data-breach-suit-settlement.aspx,https://www.va.gov/oig/pubs/VAOIG-06-02238-163.pdf,410
Automatic Data Processing,125000 ,2006,7/6,全球最大的薪酬服务公司之一的自动数据处理公司证实，该公司被一名寻找投资者信息的数据窃贼所欺骗。,finance,2,ABC News,http://abcnews.go.com/Technology/story?id=2160425&page=1#.UFcROxgUwaA,,411
KDDI,4000000 ,2006,6/6,东京警方逮捕了两名试图敲诈勒索近9万美元的男子。据称，这两人威胁要披露包含个人数据的存储媒体的存在。,telecoms,1,Computer World,http://www.computerworld.com/s/article/9001150/KDDI_suffers_massive_data_breach,,412
Hewlett Packard,200000 ,2006,3/6,一台包含员工数据的笔记本电脑丢失或被盗。 其中包括姓名、地址、社会保险号码、出生日期和其他与就业有关的信息。,"tech, retail",2,Computer Weekly,https://www.computerweekly.com/news/2240076956/Personal-data-on-200000-HP-employees-stolen,,413
Ameritrade Inc.,200000 ,2005,4/5,载有2000年至2003年期间客户个人信息的计算机备份磁带丢失。,finance,2,NBC,http://www.nbcnews.com/id/7561268/,,414
Citigroup,3900000 ,2005,6/5,一盒载有390万客户信息的电脑磁带在运往信用报告机构的途中丢失。,finance,3,NY Times,http://www.nytimes.com/2005/06/07/business/07data.html?pagewanted=all&_moc.semityn.www,,415
Cardsystems Solutions Inc.,40000000 ,2005,6/5,未经授权的实体允许访问客户信用卡数据。 目前尚不清楚4000万个账户中有多少被窃取。,finance,3,Wired,https://www.wired.com/2005/06/cardsystems-data-left-unsecured/,,416
AOL,92000000 ,2004,6/4,一位前美国在线软件工程师盗取了9200万个用户名和电子邮件地址，并将其卖给了发送多达70亿封未经请求的电子邮件的垃圾邮件发送者。,web,1,CNN,http://money.cnn.com/2004/06/23/technology/aol_spam/,,417
